PROFILE_ID,PROFILE_URL,PUBLIC_ID,FIRSTNAME,LASTNAME,FULLNAME,OCCUPATION,PROFILE_PICTURE,BACKGROUND_PICTURE,PROFILE_TYPE,REACTION_TYPE,POST_URL,DATE_EXTRACT
ACoAACSjIoQB0xaXF1MZ-YzFciOXkyJtP1fvrcA,https://demo.example/profiles/emma-petit,steele-zy,Zephyr,Steele,Zephyr Steele,JavaScript Developer | Frontend & Backend | SaaS | Freelance | Looking for opportunity,https://media.licdn.com/dms/image/C5603AQG_Sw9npO7vIg/profile-displayphoto-shrink_400_400/0/1627385878879?e=1697673600&v=beta&t=Ouf2QUT5RFKIMapuSQ3dzG635l2f3hZbKbkowJwjcl0,https://media.licdn.com/dms/image/C5616AQE7BTF4BPXHVA/profile-displaybackgroundimage-shrink_350_1400/0/1612779793224?e=1697673600&v=beta&t=7gOZQfq-1si0YPi5NOsbvYt6bcAM-t1xdHSlHtD7xSQ,PROFILE,LIKE,https://www.linkedin.com/feed/update/urn:li:activity:7089300798962028544,2023-08-14 15:11:39
ACoAADjqxGABbMgGBEYoluIePIpI_yQ63-0cPGY,https://demo.example/profiles/emma-petit,Zephyr Storme-zs,Zephyr,Storme,Zephyr Storme,--,https://media.licdn.com/dms/image/C5603AQG_Sw9npO7vIg/profile-displayphoto-shrink_400_400/0/1627385878879?e=1697673600&v=beta&t=Ouf2QUT5RFKIMapuSQ3dzG635l2f3hZbKbkowJwjcl0,https://media.licdn.com/dms/image/C5616AQE7BTF4BPXHVA/profile-displaybackgroundimage-shrink_350_1400/0/1612779793224?e=1697673600&v=beta&t=7gOZQfq-1si0YPi5NOsbvYt6bcAM-t1xdHSlHtD7xSQ,PROFILE,LIKE,https://www.linkedin.com/feed/update/urn:li:activity:7089300798962028544,2023-08-14 15:11:39
ACoAACE0ZvgBRv3NNs4t7UPkIH6kYZ2SOy7y6cI,https://demo.example/profiles/emma-petit,maximus-st ,Maximus,Stone,Maximus Stone,"Machine Learning Engineer | D&A Consultant at EY | ""Let's Talk AI"" Podcast Host",https://media.licdn.com/dms/image/C5603AQG_Sw9npO7vIg/profile-displayphoto-shrink_400_400/0/1627385878879?e=1697673600&v=beta&t=Ouf2QUT5RFKIMapuSQ3dzG635l2f3hZbKbkowJwjcl0,https://media.licdn.com/dms/image/C5616AQE7BTF4BPXHVA/profile-displaybackgroundimage-shrink_350_1400/0/1612779793224?e=1697673600&v=beta&t=7gOZQfq-1si0YPi5NOsbvYt6bcAM-t1xdHSlHtD7xSQ,PROFILE,LIKE,https://www.linkedin.com/feed/update/urn:li:activity:7089300798962028544,2023-08-14 15:11:39
ACoAABWyjPgB0ji-_OihMLLVrzX3ph9zusUmrVo,https://demo.example/profiles/emma-petit,sterling-ma,Maximus,Sterling,Maximus Sterling,ZA Digital,https://media.licdn.com/dms/image/C5603AQG_Sw9npO7vIg/profile-displayphoto-shrink_400_400/0/1627385878879?e=1697673600&v=beta&t=Ouf2QUT5RFKIMapuSQ3dzG635l2f3hZbKbkowJwjcl0,https://media.licdn.com/dms/image/C5616AQE7BTF4BPXHVA/profile-displaybackgroundimage-shrink_350_1400/0/1612779793224?e=1697673600&v=beta&t=7gOZQfq-1si0YPi5NOsbvYt6bcAM-t1xdHSlHtD7xSQ,PROFILE,LIKE,https://www.linkedin.com/feed/update/urn:li:activity:7089300798962028544,2023-08-14 15:11:39
ACoAABU3vVgBqcViM5M2jLEtHeddMPnVz7EC9pQ,https://demo.example/profiles/emma-petit,ventura-ee,Eliana,Ventura,Eliana Ventura,Data Engineer @ Fractal | Open Source Contributor at naas.ai | PowerBI Certified Associate | Ex - WirelessDNA Ex - Ingram | Data Analyst | Data Science | PowerApps | CSD | S/W Engg | Blog @codesocial.net,https://media.licdn.com/dms/image/C5603AQG_Sw9npO7vIg/profile-displayphoto-shrink_400_400/0/1627385878879?e=1697673600&v=beta&t=Ouf2QUT5RFKIMapuSQ3dzG635l2f3hZbKbkowJwjcl0,https://media.licdn.com/dms/image/C5616AQE7BTF4BPXHVA/profile-displaybackgroundimage-shrink_350_1400/0/1612779793224?e=1697673600&v=beta&t=7gOZQfq-1si0YPi5NOsbvYt6bcAM-t1xdHSlHtD7xSQ,PROFILE,APPRECIATION,https://www.linkedin.com/feed/update/urn:li:activity:7089300798962028544,2023-08-14 15:11:39
ACoAACpHT6MBKULlrgZHrRmuoVmW3b3WVJAZifM,https://demo.example/profiles/emma-petit,Zenith-St@student,Zenith,Stellan,Zenith Stellan,microsoft excel programming.🇮🇩,https://media.licdn.com/dms/image/C5603AQG_Sw9npO7vIg/profile-displayphoto-shrink_400_400/0/1627385878879?e=1697673600&v=beta&t=Ouf2QUT5RFKIMapuSQ3dzG635l2f3hZbKbkowJwjcl0,https://media.licdn.com/dms/image/C5616AQE7BTF4BPXHVA/profile-displaybackgroundimage-shrink_350_1400/0/1612779793224?e=1697673600&v=beta&t=7gOZQfq-1si0YPi5NOsbvYt6bcAM-t1xdHSlHtD7xSQ,PROFILE,LIKE,https://www.linkedin.com/feed/update/urn:li:activity:7089300798962028544,2023-08-14 15:11:39
ACoAACYz11UBCVJUFf2mCyVLjtyiJWzudLHxQu8,https://demo.example/profiles/emma-petit,jasmine-storm,Jasmine,Storm,Jasmine Storm,Data Scientist @Ewattch | hindahajjam.com,https://media.licdn.com/dms/image/C5603AQG_Sw9npO7vIg/profile-displayphoto-shrink_400_400/0/1627385878879?e=1697673600&v=beta&t=Ouf2QUT5RFKIMapuSQ3dzG635l2f3hZbKbkowJwjcl0,https://media.licdn.com/dms/image/C5616AQE7BTF4BPXHVA/profile-displaybackgroundimage-shrink_350_1400/0/1612779793224?e=1697673600&v=beta&t=7gOZQfq-1si0YPi5NOsbvYt6bcAM-t1xdHSlHtD7xSQ,PROFILE,LIKE,https://www.linkedin.com/feed/update/urn:li:activity:7089300798962028544,2023-08-14 15:11:39
ACoAAAG50TIB7_wBRAENhzczFUujTWGGqXM1KNw,https://demo.example/profiles/emma-petit,phoenix-ry,Phoenix,Ryder,Phoenix Ryder,"Sr. Data Scientist, Echo Global Logistics | Founder, Integrated ML & AI | Multi-Physics Engineer",https://media.licdn.com/dms/image/C5603AQG_Sw9npO7vIg/profile-displayphoto-shrink_400_400/0/1627385878879?e=1697673600&v=beta&t=Ouf2QUT5RFKIMapuSQ3dzG635l2f3hZbKbkowJwjcl0,https://media.licdn.com/dms/image/C5616AQE7BTF4BPXHVA/profile-displaybackgroundimage-shrink_350_1400/0/1612779793224?e=1697673600&v=beta&t=7gOZQfq-1si0YPi5NOsbvYt6bcAM-t1xdHSlHtD7xSQ,PROFILE,LIKE,https://www.linkedin.com/feed/update/urn:li:activity:7089300798962028544,2023-08-14 15:11:39
ACoAAARVYiwBmS1bVPytRrY9F_uGZJyMV2j7kkY,https://demo.example/profiles/emma-petit,jaxon-ste,Zephyr,Storm,Zephyr Storm,"Machine Learning, Data Science, Data Engineer",https://media.licdn.com/dms/image/C5603AQG_Sw9npO7vIg/profile-displayphoto-shrink_400_400/0/1627385878879?e=1697673600&v=beta&t=Ouf2QUT5RFKIMapuSQ3dzG635l2f3hZbKbkowJwjcl0,https://media.licdn.com/dms/image/C5616AQE7BTF4BPXHVA/profile-displaybackgroundimage-shrink_350_1400/0/1612779793224?e=1697673600&v=beta&t=7gOZQfq-1si0YPi5NOsbvYt6bcAM-t1xdHSlHtD7xSQ,PROFILE,LIKE,https://www.linkedin.com/feed/update/urn:li:activity:7089300798962028544,2023-08-14 15:11:39
ACoAACwopE4B5YE7vapaPpbUb84Zn5VNEg-pVr8,https://demo.example/profiles/emma-petit,xavier-steele,Xavier,Steele,Xavier Steele,Data Science Enthusiastic | Machine Learning | Data Viz | Content Creator,https://media.licdn.com/dms/image/C5603AQG_Sw9npO7vIg/profile-displayphoto-shrink_400_400/0/1627385878879?e=1697673600&v=beta&t=Ouf2QUT5RFKIMapuSQ3dzG635l2f3hZbKbkowJwjcl0,https://media.licdn.com/dms/image/C5616AQE7BTF4BPXHVA/profile-displaybackgroundimage-shrink_350_1400/0/1612779793224?e=1697673600&v=beta&t=7gOZQfq-1si0YPi5NOsbvYt6bcAM-t1xdHSlHtD7xSQ,PROFILE,LIKE,https://www.linkedin.com/feed/update/urn:li:activity:7089300798962028544,2023-08-14 15:11:39
ACoAACDZ4uIBbLk7Fpto5gpKIcNiaYeB5j1GmxI,https://demo.example/profiles/emma-petit,storm-ki,Kieran,Storm,Kieran Storm,Researcher @LUMS| Engineer | Langchain | GPT-Index | LLama Index | Expert,https://media.licdn.com/dms/image/C5603AQG_Sw9npO7vIg/profile-displayphoto-shrink_400_400/0/1627385878879?e=1697673600&v=beta&t=Ouf2QUT5RFKIMapuSQ3dzG635l2f3hZbKbkowJwjcl0,https://media.licdn.com/dms/image/C5616AQE7BTF4BPXHVA/profile-displaybackgroundimage-shrink_350_1400/0/1612779793224?e=1697673600&v=beta&t=7gOZQfq-1si0YPi5NOsbvYt6bcAM-t1xdHSlHtD7xSQ,PROFILE,LIKE,https://www.linkedin.com/feed/update/urn:li:activity:7089300798962028544,2023-08-14 15:11:39
ACoAAAa5py0Bzrp5_7OmHIsNP6ScupfgxJfODzo,https://demo.example/profiles/emma-petit,maxwell-kn,Maxwell,Knight,Maxwell Knight,Bridging the gap between data and strategy ✦ Lead Data Strategy Consultant @ Redkite ✦ R Programmer ✦ Policy Nerd,https://media.licdn.com/dms/image/C5603AQG_Sw9npO7vIg/profile-displayphoto-shrink_400_400/0/1627385878879?e=1697673600&v=beta&t=Ouf2QUT5RFKIMapuSQ3dzG635l2f3hZbKbkowJwjcl0,https://media.licdn.com/dms/image/C5616AQE7BTF4BPXHVA/profile-displaybackgroundimage-shrink_350_1400/0/1612779793224?e=1697673600&v=beta&t=7gOZQfq-1si0YPi5NOsbvYt6bcAM-t1xdHSlHtD7xSQ,PROFILE,LIKE,https://www.linkedin.com/feed/update/urn:li:activity:7089300798962028544,2023-08-14 15:11:39
ACoAAAPVK1IBJrwyQVly8u2I2FsDHlmOnzGWdr4,https://demo.example/profiles/emma-petit,rex-aa,Rex,Sterling,Rex Sterling,"AI Product @Amazon | Startup Investor | 2X Linkedin Top Voice - 2021 Tech & Innovation, 2020 Data Science & AI | Quantum Computing & Web 3.0 | I use technology to scale and improve compliance processes | Content Creator",https://media.licdn.com/dms/image/C5603AQG_Sw9npO7vIg/profile-displayphoto-shrink_400_400/0/1627385878879?e=1697673600&v=beta&t=Ouf2QUT5RFKIMapuSQ3dzG635l2f3hZbKbkowJwjcl0,https://media.licdn.com/dms/image/C5616AQE7BTF4BPXHVA/profile-displaybackgroundimage-shrink_350_1400/0/1612779793224?e=1697673600&v=beta&t=7gOZQfq-1si0YPi5NOsbvYt6bcAM-t1xdHSlHtD7xSQ,PROFILE,PRAISE,https://www.linkedin.com/feed/update/urn:li:activity:7089300798962028544,2023-08-14 15:11:39
ACoAACEIXXwBsbia0ncyNY76v-lPy4cQbUI8_R8,https://demo.example/profiles/emma-petit,max-th,Max,Thunder,Max Thunder,🚀 GPT & Data Engineer at Stealth Startup | 👨🏻‍💻Member @ McKinsey & Co. | AI | ML | Data Science | 🤗 Hugging Face | 🐍 Python | ⚙️ Backend | 💻 Frontend | 🐧 Linux | 🗄️ SQL | 📃 NoSQL | 🚀 Deployment | 🌐 WordPress,https://media.licdn.com/dms/image/C5603AQG_Sw9npO7vIg/profile-displayphoto-shrink_400_400/0/1627385878879?e=1697673600&v=beta&t=Ouf2QUT5RFKIMapuSQ3dzG635l2f3hZbKbkowJwjcl0,https://media.licdn.com/dms/image/C5616AQE7BTF4BPXHVA/profile-displaybackgroundimage-shrink_350_1400/0/1612779793224?e=1697673600&v=beta&t=7gOZQfq-1si0YPi5NOsbvYt6bcAM-t1xdHSlHtD7xSQ,PROFILE,INTEREST,https://www.linkedin.com/feed/update/urn:li:activity:7089300798962028544,2023-08-14 15:11:39
ACoAABTLXkwBrVyFRSNuQ2kwbFeQ1uyo_W47nb0,https://demo.example/profiles/emma-petit,blaze-aa,Blaze,Rivers,Blaze Rivers,Data Engineer at MUTT DATA,https://media.licdn.com/dms/image/C5603AQG_Sw9npO7vIg/profile-displayphoto-shrink_400_400/0/1627385878879?e=1697673600&v=beta&t=Ouf2QUT5RFKIMapuSQ3dzG635l2f3hZbKbkowJwjcl0,https://media.licdn.com/dms/image/C5616AQE7BTF4BPXHVA/profile-displaybackgroundimage-shrink_350_1400/0/1612779793224?e=1697673600&v=beta&t=7gOZQfq-1si0YPi5NOsbvYt6bcAM-t1xdHSlHtD7xSQ,PROFILE,LIKE,https://www.linkedin.com/feed/update/urn:li:activity:7089300798962028544,2023-08-14 15:11:39
ACoAAAA3Zt0B4C0t6XmWka-0hypT9Luaa9dvM0s,https://demo.example/profiles/emma-petit,name-lc,Luna,Celeste,Luna Celeste,Chief of Staff to the CTO at Red Hat - Author - Keynote Speaker - Start-up Advisor,https://media.licdn.com/dms/image/C5603AQG_Sw9npO7vIg/profile-displayphoto-shrink_400_400/0/1627385878879?e=1697673600&v=beta&t=Ouf2QUT5RFKIMapuSQ3dzG635l2f3hZbKbkowJwjcl0,https://media.licdn.com/dms/image/C5616AQE7BTF4BPXHVA/profile-displaybackgroundimage-shrink_350_1400/0/1612779793224?e=1697673600&v=beta&t=7gOZQfq-1si0YPi5NOsbvYt6bcAM-t1xdHSlHtD7xSQ,PROFILE,LIKE,https://www.linkedin.com/feed/update/urn:li:activity:7089300798962028544,2023-08-14 15:11:39
ACoAABub6aIBaA7HieEI5VizHglQPohLA_Wptag,https://demo.example/profiles/emma-petit,leo-da,Leo,D'Angelo,Leo D'Angelo,Founder and CEO @ OpenBB 🦋,https://media.licdn.com/dms/image/C5603AQG_Sw9npO7vIg/profile-displayphoto-shrink_400_400/0/1627385878879?e=1697673600&v=beta&t=Ouf2QUT5RFKIMapuSQ3dzG635l2f3hZbKbkowJwjcl0,https://media.licdn.com/dms/image/C5616AQE7BTF4BPXHVA/profile-displaybackgroundimage-shrink_350_1400/0/1612779793224?e=1697673600&v=beta&t=7gOZQfq-1si0YPi5NOsbvYt6bcAM-t1xdHSlHtD7xSQ,PROFILE,PRAISE,https://www.linkedin.com/feed/update/urn:li:activity:7089300798962028544,2023-08-14 15:11:39
ACoAAAsJT20BCLku3-ykCEth4RyLAj1psZW25CU,https://demo.example/profiles/emma-petit,xavier-aa,Xavier,Aiden,Xavier Aiden,Co-founder | BAAX 🎯 B2B Opportunity Maker 🚀,https://media.licdn.com/dms/image/C5603AQG_Sw9npO7vIg/profile-displayphoto-shrink_400_400/0/1627385878879?e=1697673600&v=beta&t=Ouf2QUT5RFKIMapuSQ3dzG635l2f3hZbKbkowJwjcl0,https://media.licdn.com/dms/image/C5616AQE7BTF4BPXHVA/profile-displaybackgroundimage-shrink_350_1400/0/1612779793224?e=1697673600&v=beta&t=7gOZQfq-1si0YPi5NOsbvYt6bcAM-t1xdHSlHtD7xSQ,PROFILE,EMPATHY,https://www.linkedin.com/feed/update/urn:li:activity:7089300798962028544,2023-08-14 15:11:39
ACoAAD3sLSoBBguCgR-pchBAOoIafbGMQ0EXE-0,https://demo.example/profiles/emma-petit,storm-ma,Maximus,Storm,Maximus Storm,GGSIPU || Open Source Contributor || Chegg,https://media.licdn.com/dms/image/C5603AQG_Sw9npO7vIg/profile-displayphoto-shrink_400_400/0/1627385878879?e=1697673600&v=beta&t=Ouf2QUT5RFKIMapuSQ3dzG635l2f3hZbKbkowJwjcl0,https://media.licdn.com/dms/image/C5616AQE7BTF4BPXHVA/profile-displaybackgroundimage-shrink_350_1400/0/1612779793224?e=1697673600&v=beta&t=7gOZQfq-1si0YPi5NOsbvYt6bcAM-t1xdHSlHtD7xSQ,PROFILE,LIKE,https://www.linkedin.com/feed/update/urn:li:activity:7089300798962028544,2023-08-14 15:11:39
ACoAAAUlvlgB2lZhEzLdc0FRLBnOjM_6RjlSJTM,https://demo.example/profiles/emma-petit,xavier-sa,Xavier,Solaris,Xavier Solaris,SITE IT HEAD EAST AFRICA at Novartis,https://media.licdn.com/dms/image/C5603AQG_Sw9npO7vIg/profile-displayphoto-shrink_400_400/0/1627385878879?e=1697673600&v=beta&t=Ouf2QUT5RFKIMapuSQ3dzG635l2f3hZbKbkowJwjcl0,https://media.licdn.com/dms/image/C5616AQE7BTF4BPXHVA/profile-displaybackgroundimage-shrink_350_1400/0/1612779793224?e=1697673600&v=beta&t=7gOZQfq-1si0YPi5NOsbvYt6bcAM-t1xdHSlHtD7xSQ,PROFILE,LIKE,https://www.linkedin.com/feed/update/urn:li:activity:7089300798962028544,2023-08-14 15:11:39
ACoAAAc8wUkBvUkYJH9pGVMoxLgT4S_mWN_C_4U,https://demo.example/profiles/emma-petit,everest-ro,Roxie,Everest,Roxie Everest,Chief Analytics Officer chez Hanalytics | Data & Marketing Technologies,https://media.licdn.com/dms/image/C5603AQG_Sw9npO7vIg/profile-displayphoto-shrink_400_400/0/1627385878879?e=1697673600&v=beta&t=Ouf2QUT5RFKIMapuSQ3dzG635l2f3hZbKbkowJwjcl0,https://media.licdn.com/dms/image/C5616AQE7BTF4BPXHVA/profile-displaybackgroundimage-shrink_350_1400/0/1612779793224?e=1697673600&v=beta&t=7gOZQfq-1si0YPi5NOsbvYt6bcAM-t1xdHSlHtD7xSQ,PROFILE,LIKE,https://www.linkedin.com/feed/update/urn:li:activity:7089300798962028544,2023-08-14 15:11:39
ACoAACvs9dsBaJthROQwp2hScN9JsTXcO7xmRpE,https://demo.example/profiles/emma-petit,anu-ba,Anu,Balogun,Anu Balogun,Data Analyst | Analytical Engineer(in view),https://media.licdn.com/dms/image/C5603AQG_Sw9npO7vIg/profile-displayphoto-shrink_400_400/0/1627385878879?e=1697673600&v=beta&t=Ouf2QUT5RFKIMapuSQ3dzG635l2f3hZbKbkowJwjcl0,https://media.licdn.com/dms/image/C5616AQE7BTF4BPXHVA/profile-displaybackgroundimage-shrink_350_1400/0/1612779793224?e=1697673600&v=beta&t=7gOZQfq-1si0YPi5NOsbvYt6bcAM-t1xdHSlHtD7xSQ,PROFILE,APPRECIATION,https://www.linkedin.com/feed/update/urn:li:activity:7089300798962028544,2023-08-14 15:11:39
ACoAAAajovEBZaTvKT0qIqHq9ItYb5C1EMVsVSY,https://demo.example/profiles/emma-petit,maxsterling-aa,Max,Sterling,Max Sterling,Best-Selling Author | Data Engineer and Architect | Recovering Data Scientist ™ | Global Keynote Speaker | Professor | Podcaster & Content Creator,https://media.licdn.com/dms/image/C5603AQG_Sw9npO7vIg/profile-displayphoto-shrink_400_400/0/1627385878879?e=1697673600&v=beta&t=Ouf2QUT5RFKIMapuSQ3dzG635l2f3hZbKbkowJwjcl0,https://media.licdn.com/dms/image/C5616AQE7BTF4BPXHVA/profile-displaybackgroundimage-shrink_350_1400/0/1612779793224?e=1697673600&v=beta&t=7gOZQfq-1si0YPi5NOsbvYt6bcAM-t1xdHSlHtD7xSQ,PROFILE,LIKE,https://www.linkedin.com/feed/update/urn:li:activity:7089300798962028544,2023-08-14 15:11:39
ACoAAAD49IYBlb_BOliXF8PKxpQENOTv0yQKWjg,https://demo.example/profiles/emma-petit,storm-ja,Jaxon,Storm,Jaxon Storm,Senior Data Analytics Manager at Vodafone,https://media.licdn.com/dms/image/C5603AQG_Sw9npO7vIg/profile-displayphoto-shrink_400_400/0/1627385878879?e=1697673600&v=beta&t=Ouf2QUT5RFKIMapuSQ3dzG635l2f3hZbKbkowJwjcl0,https://media.licdn.com/dms/image/C5616AQE7BTF4BPXHVA/profile-displaybackgroundimage-shrink_350_1400/0/1612779793224?e=1697673600&v=beta&t=7gOZQfq-1si0YPi5NOsbvYt6bcAM-t1xdHSlHtD7xSQ,PROFILE,LIKE,https://www.linkedin.com/feed/update/urn:li:activity:7089300798962028544,2023-08-14 15:11:39
ACoAAC8rni4BTsSJARMuwvb0TADojxFqSuat47M,https://demo.example/profiles/emma-petit,stormri-ze,Kaziah,Kavanagh,Kaziah Kavanagh,Data Scientist,https://media.licdn.com/dms/image/C5603AQG_Sw9npO7vIg/profile-displayphoto-shrink_400_400/0/1627385878879?e=1697673600&v=beta&t=Ouf2QUT5RFKIMapuSQ3dzG635l2f3hZbKbkowJwjcl0,https://media.licdn.com/dms/image/C5616AQE7BTF4BPXHVA/profile-displaybackgroundimage-shrink_350_1400/0/1612779793224?e=1697673600&v=beta&t=7gOZQfq-1si0YPi5NOsbvYt6bcAM-t1xdHSlHtD7xSQ,PROFILE,LIKE,https://www.linkedin.com/feed/update/urn:li:activity:7089300798962028544,2023-08-14 15:11:39
ACoAAA0DIxUBJKafW_DraXSSXM-mhutfYMyKlNI,https://demo.example/profiles/emma-petit,zephyrstorm,Zephyr,Storm,Zephyr Storm,Senior Salesforce Developer | Frontend Developer at Media.Monks | 1x Salesforce Certified,https://media.licdn.com/dms/image/C5603AQG_Sw9npO7vIg/profile-displayphoto-shrink_400_400/0/1627385878879?e=1697673600&v=beta&t=Ouf2QUT5RFKIMapuSQ3dzG635l2f3hZbKbkowJwjcl0,https://media.licdn.com/dms/image/C5616AQE7BTF4BPXHVA/profile-displaybackgroundimage-shrink_350_1400/0/1612779793224?e=1697673600&v=beta&t=7gOZQfq-1si0YPi5NOsbvYt6bcAM-t1xdHSlHtD7xSQ,PROFILE,LIKE,https://www.linkedin.com/feed/update/urn:li:activity:7089300798962028544,2023-08-14 15:11:39
ACoAAABXaPcBERW6RlBC_4puiHsHTqqvfXZP2ZA,https://demo.example/profiles/emma-petit,phoenix-aa,Phoenix,Sterling,Phoenix Sterling,Data Engineering | DataScience | AI & Innovation 🚀 | 👉 Follow me for deep dives on data-engineering and AI. Don't forget to use 🔔 !,https://media.licdn.com/dms/image/C5603AQG_Sw9npO7vIg/profile-displayphoto-shrink_400_400/0/1627385878879?e=1697673600&v=beta&t=Ouf2QUT5RFKIMapuSQ3dzG635l2f3hZbKbkowJwjcl0,https://media.licdn.com/dms/image/C5616AQE7BTF4BPXHVA/profile-displaybackgroundimage-shrink_350_1400/0/1612779793224?e=1697673600&v=beta&t=7gOZQfq-1si0YPi5NOsbvYt6bcAM-t1xdHSlHtD7xSQ,PROFILE,LIKE,https://www.linkedin.com/feed/update/urn:li:activity:7089300798962028544,2023-08-14 15:11:39
ACoAABeYZewB7-ULdHdVvd79wXEVvuRfAARvCBw,https://demo.example/profiles/emma-petit,evander-kn-ht,Evander,Knightly,Evander Knightly,Lead Data Scientist at CoffeeBeans | Ex-CTO | Career Mentor | Discovering life's ultimate purpose | Mentored 500+ the next generation of data scientists using Topmate.io,https://media.licdn.com/dms/image/C5603AQG_Sw9npO7vIg/profile-displayphoto-shrink_400_400/0/1627385878879?e=1697673600&v=beta&t=Ouf2QUT5RFKIMapuSQ3dzG635l2f3hZbKbkowJwjcl0,https://media.licdn.com/dms/image/C5616AQE7BTF4BPXHVA/profile-displaybackgroundimage-shrink_350_1400/0/1612779793224?e=1697673600&v=beta&t=7gOZQfq-1si0YPi5NOsbvYt6bcAM-t1xdHSlHtD7xSQ,PROFILE,LIKE,https://www.linkedin.com/feed/update/urn:li:activity:7089300798962028544,2023-08-14 15:11:39
ACoAAC5LlP0BtWg2TdS_5IspIp4XYk2X5f1zAtI,https://demo.example/profiles/emma-petit,nik-jy,Nik,Jaya,Nik Jaya,DevRel @naas.ai | GDSC Lead-22 | MERN developer | OS maintainer & contributor | Technical Writer | Community Advocate @decodecafe | Freelancer,https://media.licdn.com/dms/image/C5603AQG_Sw9npO7vIg/profile-displayphoto-shrink_400_400/0/1627385878879?e=1697673600&v=beta&t=Ouf2QUT5RFKIMapuSQ3dzG635l2f3hZbKbkowJwjcl0,https://media.licdn.com/dms/image/C5616AQE7BTF4BPXHVA/profile-displaybackgroundimage-shrink_350_1400/0/1612779793224?e=1697673600&v=beta&t=7gOZQfq-1si0YPi5NOsbvYt6bcAM-t1xdHSlHtD7xSQ,PROFILE,LIKE,https://www.linkedin.com/feed/update/urn:li:activity:7089300798962028544,2023-08-14 15:11:39
ACoAAA0EtyUB0mJVrFS-7jGUd_7M-QQn6ieczrw,https://demo.example/profiles/emma-petit,bryce-aa,Bryce,Ashford,Bryce Ashford,"Strategic advisor | Tech and Data Analytics aficionado | Fueling B2B growth strategies and inovation, generating valuable insights | Truly MESMERIZED with AI",https://media.licdn.com/dms/image/C5603AQG_Sw9npO7vIg/profile-displayphoto-shrink_400_400/0/1627385878879?e=1697673600&v=beta&t=Ouf2QUT5RFKIMapuSQ3dzG635l2f3hZbKbkowJwjcl0,https://media.licdn.com/dms/image/C5616AQE7BTF4BPXHVA/profile-displaybackgroundimage-shrink_350_1400/0/1612779793224?e=1697673600&v=beta&t=7gOZQfq-1si0YPi5NOsbvYt6bcAM-t1xdHSlHtD7xSQ,PROFILE,PRAISE,https://www.linkedin.com/feed/update/urn:li:activity:7089300798962028544,2023-08-14 15:11:39
ACoAAArwUmQB383RimCmkaVj6sK7dpy1hTPe-Zo,https://demo.example/profiles/emma-petit,hartwell-ja,Jules,Hartwell,Jules Alexis Hartwell,"💓Writer / Content Creator available for freelance and contract opps 🙋🏻‍♀️ Experienced educator & entrepreneur 💻💓Specialties: STEM, Business, AI",https://media.licdn.com/dms/image/C5603AQG_Sw9npO7vIg/profile-displayphoto-shrink_400_400/0/1627385878879?e=1697673600&v=beta&t=Ouf2QUT5RFKIMapuSQ3dzG635l2f3hZbKbkowJwjcl0,https://media.licdn.com/dms/image/C5616AQE7BTF4BPXHVA/profile-displaybackgroundimage-shrink_350_1400/0/1612779793224?e=1697673600&v=beta&t=7gOZQfq-1si0YPi5NOsbvYt6bcAM-t1xdHSlHtD7xSQ,PROFILE,INTEREST,https://www.linkedin.com/feed/update/urn:li:activity:7089300798962028544,2023-08-14 15:11:39
ACoAACS7fRUBeYQW-Jvrutf-PUYah7W0clRG5qo,https://demo.example/profiles/emma-petit,name-mk,Maximus,Kane,Maximus Kane,Data Engineer| Python | Pyspark | SQL Big Data Cluster | Data Bricks | ETL | T-SQL | Data Modelling | PowerShell | Datawarehouse | Data Lake | HDFS,https://media.licdn.com/dms/image/C5603AQG_Sw9npO7vIg/profile-displayphoto-shrink_400_400/0/1627385878879?e=1697673600&v=beta&t=Ouf2QUT5RFKIMapuSQ3dzG635l2f3hZbKbkowJwjcl0,https://media.licdn.com/dms/image/C5616AQE7BTF4BPXHVA/profile-displaybackgroundimage-shrink_350_1400/0/1612779793224?e=1697673600&v=beta&t=7gOZQfq-1si0YPi5NOsbvYt6bcAM-t1xdHSlHtD7xSQ,PROFILE,LIKE,https://www.linkedin.com/feed/update/urn:li:activity:7089300798962028544,2023-08-14 15:11:39
ACoAAA6EYJABlJdZG2ZQLuLkpCu2Ny8pqa065b8,https://demo.example/profiles/emma-petit,ezra-st,Zara,Midnight,Zara Midnight,"CTO @naas.ai | Cloud, DevOps and Software development strategy",https://media.licdn.com/dms/image/C5603AQG_Sw9npO7vIg/profile-displayphoto-shrink_400_400/0/1627385878879?e=1697673600&v=beta&t=Ouf2QUT5RFKIMapuSQ3dzG635l2f3hZbKbkowJwjcl0,https://media.licdn.com/dms/image/C5616AQE7BTF4BPXHVA/profile-displaybackgroundimage-shrink_350_1400/0/1612779793224?e=1697673600&v=beta&t=7gOZQfq-1si0YPi5NOsbvYt6bcAM-t1xdHSlHtD7xSQ,PROFILE,LIKE,https://www.linkedin.com/feed/update/urn:li:activity:7089300798962028544,2023-08-14 15:11:39
ACoAAB591hkByyx5vJTXM1GyOvt3qia7KpMbSPA,https://demo.example/profiles/emma-petit,knightfall-xk,Xander,Knightfall,Xander Knightfall,Data Scientist | Lead ML Engineer @Omdena | 🐍 Django | ☁️ Engineer | Researcher Scientist | NaaS.ai Contributor,https://media.licdn.com/dms/image/C5603AQG_Sw9npO7vIg/profile-displayphoto-shrink_400_400/0/1627385878879?e=1697673600&v=beta&t=Ouf2QUT5RFKIMapuSQ3dzG635l2f3hZbKbkowJwjcl0,https://media.licdn.com/dms/image/C5616AQE7BTF4BPXHVA/profile-displaybackgroundimage-shrink_350_1400/0/1612779793224?e=1697673600&v=beta&t=7gOZQfq-1si0YPi5NOsbvYt6bcAM-t1xdHSlHtD7xSQ,PROFILE,LIKE,https://www.linkedin.com/feed/update/urn:li:activity:7089300798962028544,2023-08-14 15:11:39
ACoAAEG7ec0BQcyz-ra0DsroznX3X2yQseGn0v4,https://demo.example/profiles/emma-petit,zephyrblade-aa,Zephyr,Blade,Zephyr Blade,Data Science and AI enthusiast,https://media.licdn.com/dms/image/C5603AQG_Sw9npO7vIg/profile-displayphoto-shrink_400_400/0/1627385878879?e=1697673600&v=beta&t=Ouf2QUT5RFKIMapuSQ3dzG635l2f3hZbKbkowJwjcl0,https://media.licdn.com/dms/image/C5616AQE7BTF4BPXHVA/profile-displaybackgroundimage-shrink_350_1400/0/1612779793224?e=1697673600&v=beta&t=7gOZQfq-1si0YPi5NOsbvYt6bcAM-t1xdHSlHtD7xSQ,PROFILE,LIKE,https://www.linkedin.com/feed/update/urn:li:activity:7089300798962028544,2023-08-14 15:11:39
ACoAACQFQWgBqowPZBqBQgSC3ATmuatVfZkf6fE,https://demo.example/profiles/emma-petit,phoenix-rv,Phoenix,Rivers,Phoenix Rivers,🤖 Senior Machine Learning Engineer • MLOps • Contractor ~ Helping startups engineer production-ready ML/AI systems.,https://media.licdn.com/dms/image/C5603AQG_Sw9npO7vIg/profile-displayphoto-shrink_400_400/0/1627385878879?e=1697673600&v=beta&t=Ouf2QUT5RFKIMapuSQ3dzG635l2f3hZbKbkowJwjcl0,https://media.licdn.com/dms/image/C5616AQE7BTF4BPXHVA/profile-displaybackgroundimage-shrink_350_1400/0/1612779793224?e=1697673600&v=beta&t=7gOZQfq-1si0YPi5NOsbvYt6bcAM-t1xdHSlHtD7xSQ,PROFILE,LIKE,https://www.linkedin.com/feed/update/urn:li:activity:7089300798962028544,2023-08-14 15:11:39
ACoAAAHOoFIBE_hqp-rN9YOSJDB69UbYgpgRMf8,https://demo.example/profiles/emma-petit,stormwood-rd,Ryder,Stormwood,Ryder Stormwood,"Independent Data Scientist Consultant at Large Enterprises and Government Entities | Chief Science Officer, Investor, & Co-Founder @ NDVR Labs",https://media.licdn.com/dms/image/C5603AQG_Sw9npO7vIg/profile-displayphoto-shrink_400_400/0/1627385878879?e=1697673600&v=beta&t=Ouf2QUT5RFKIMapuSQ3dzG635l2f3hZbKbkowJwjcl0,https://media.licdn.com/dms/image/C5616AQE7BTF4BPXHVA/profile-displaybackgroundimage-shrink_350_1400/0/1612779793224?e=1697673600&v=beta&t=7gOZQfq-1si0YPi5NOsbvYt6bcAM-t1xdHSlHtD7xSQ,PROFILE,LIKE,https://www.linkedin.com/feed/update/urn:li:activity:7089300798962028544,2023-08-14 15:11:39
ACoAAAE-yNwBGX_k6LYkaEBDy1LjaWioPfe2OR4,https://demo.example/profiles/emma-petit,ze-ma,Zane,Maverick,Zane Maverick,Vector Compute @ Superlinked | xYouTube,https://media.licdn.com/dms/image/C5603AQG_Sw9npO7vIg/profile-displayphoto-shrink_400_400/0/1627385878879?e=1697673600&v=beta&t=Ouf2QUT5RFKIMapuSQ3dzG635l2f3hZbKbkowJwjcl0,https://media.licdn.com/dms/image/C5616AQE7BTF4BPXHVA/profile-displaybackgroundimage-shrink_350_1400/0/1612779793224?e=1697673600&v=beta&t=7gOZQfq-1si0YPi5NOsbvYt6bcAM-t1xdHSlHtD7xSQ,PROFILE,LIKE,https://www.linkedin.com/feed/update/urn:li:activity:7089300798962028544,2023-08-14 15:11:39
ACoAACpdm1oBJGUgPdNcDhZ7K5iDAPmlARbIy4w,https://demo.example/profiles/emma-petit,summers-b,Blayden,Summers,Blayden Summers,Building 🔨|| AI-Big Data Blockchain Fintech Engineer,https://media.licdn.com/dms/image/C5603AQG_Sw9npO7vIg/profile-displayphoto-shrink_400_400/0/1627385878879?e=1697673600&v=beta&t=Ouf2QUT5RFKIMapuSQ3dzG635l2f3hZbKbkowJwjcl0,https://media.licdn.com/dms/image/C5616AQE7BTF4BPXHVA/profile-displaybackgroundimage-shrink_350_1400/0/1612779793224?e=1697673600&v=beta&t=7gOZQfq-1si0YPi5NOsbvYt6bcAM-t1xdHSlHtD7xSQ,PROFILE,INTEREST,https://www.linkedin.com/feed/update/urn:li:activity:7089300798962028544,2023-08-14 15:11:39
ACoAABozSncBYUo9IJQDHAea4dPNLcGpORrj1aA,https://demo.example/profiles/emma-petit,name-js,Jaxon,Steele,Jaxon Steele,Accounting | Finance | Audit | IFRS and DipIFR | Consolidation | VAT Specialist,https://media.licdn.com/dms/image/C5603AQG_Sw9npO7vIg/profile-displayphoto-shrink_400_400/0/1627385878879?e=1697673600&v=beta&t=Ouf2QUT5RFKIMapuSQ3dzG635l2f3hZbKbkowJwjcl0,https://media.licdn.com/dms/image/C5616AQE7BTF4BPXHVA/profile-displaybackgroundimage-shrink_350_1400/0/1612779793224?e=1697673600&v=beta&t=7gOZQfq-1si0YPi5NOsbvYt6bcAM-t1xdHSlHtD7xSQ,PROFILE,LIKE,https://www.linkedin.com/feed/update/urn:li:activity:7089300798962028544,2023-08-14 15:11:39
ACoAABCNSioBW3YZHc2lBHVG0E_TXYWitQkmwog,https://demo.example/profiles/emma-petit,aria-mm,Aria,Midnight,Aria Midnight,⚡️ Building @naas.ai | Data Product Manager | Project Manager,https://media.licdn.com/dms/image/C5603AQG_Sw9npO7vIg/profile-displayphoto-shrink_400_400/0/1627385878879?e=1697673600&v=beta&t=Ouf2QUT5RFKIMapuSQ3dzG635l2f3hZbKbkowJwjcl0,https://media.licdn.com/dms/image/C5616AQE7BTF4BPXHVA/profile-displaybackgroundimage-shrink_350_1400/0/1612779793224?e=1697673600&v=beta&t=7gOZQfq-1si0YPi5NOsbvYt6bcAM-t1xdHSlHtD7xSQ,PROFILE,LIKE,https://www.linkedin.com/feed/update/urn:li:activity:7089300798962028544,2023-08-14 15:11:39
ACoAAAaIVpEB4s1ycBZHbK2o6ieWGJYmqHzBZUY,https://demo.example/profiles/emma-petit,zephyr-sum,Zephyr,Summit,Zephyr Summit,Head of Developer Growth at Weaviate & Open Source Influencer,https://media.licdn.com/dms/image/C5603AQG_Sw9npO7vIg/profile-displayphoto-shrink_400_400/0/1627385878879?e=1697673600&v=beta&t=Ouf2QUT5RFKIMapuSQ3dzG635l2f3hZbKbkowJwjcl0,https://media.licdn.com/dms/image/C5616AQE7BTF4BPXHVA/profile-displaybackgroundimage-shrink_350_1400/0/1612779793224?e=1697673600&v=beta&t=7gOZQfq-1si0YPi5NOsbvYt6bcAM-t1xdHSlHtD7xSQ,PROFILE,EMPATHY,https://www.linkedin.com/feed/update/urn:li:activity:7089300798962028544,2023-08-14 15:11:39
ACoAAADS0WQBhQQVMD2eFJNZgjOOjDTH6ptbScU,https://demo.example/profiles/emma-petit,blaze-xa,Xander,Blaze,Xander Blaze,"AI Advisor | Author “From Data To Profit” | Course Instructor (Data & AI Strategy, Product Management, Leadership) | DataScience.vin",https://media.licdn.com/dms/image/C5603AQG_Sw9npO7vIg/profile-displayphoto-shrink_400_400/0/1627385878879?e=1697673600&v=beta&t=Ouf2QUT5RFKIMapuSQ3dzG635l2f3hZbKbkowJwjcl0,https://media.licdn.com/dms/image/C5616AQE7BTF4BPXHVA/profile-displaybackgroundimage-shrink_350_1400/0/1612779793224?e=1697673600&v=beta&t=7gOZQfq-1si0YPi5NOsbvYt6bcAM-t1xdHSlHtD7xSQ,PROFILE,LIKE,https://www.linkedin.com/feed/update/urn:li:activity:7089300798962028544,2023-08-14 15:11:39
ACoAADFDLqoB6KjClu-fmb6_2Nszc5txtxDbz7w,https://demo.example/profiles/emma-petit,zarina-stardust-aa,Zarina,Stardust,Zarina Stardust,CTO & Co-Founder @Safe - Midman App |,https://media.licdn.com/dms/image/C5603AQG_Sw9npO7vIg/profile-displayphoto-shrink_400_400/0/1627385878879?e=1697673600&v=beta&t=Ouf2QUT5RFKIMapuSQ3dzG635l2f3hZbKbkowJwjcl0,https://media.licdn.com/dms/image/C5616AQE7BTF4BPXHVA/profile-displaybackgroundimage-shrink_350_1400/0/1612779793224?e=1697673600&v=beta&t=7gOZQfq-1si0YPi5NOsbvYt6bcAM-t1xdHSlHtD7xSQ,PROFILE,LIKE,https://www.linkedin.com/feed/update/urn:li:activity:7089300798962028544,2023-08-14 15:11:39
931666981,https://demo.example/profiles/emma-petit,ibm-corp,,,IBM,,https://media.licdn.com/dms/image/C5603AQG_Sw9npO7vIg/profile-displayphoto-shrink_400_400/0/1627385878879?e=1697673600&v=beta&t=Ouf2QUT5RFKIMapuSQ3dzG635l2f3hZbKbkowJwjcl0,https://media.licdn.com/dms/image/C5616AQE7BTF4BPXHVA/profile-displaybackgroundimage-shrink_350_1400/0/1612779793224?e=1697673600&v=beta&t=7gOZQfq-1si0YPi5NOsbvYt6bcAM-t1xdHSlHtD7xSQ,COMPANY,PRAISE,https://www.linkedin.com/feed/update/urn:li:activity:7089300798962028544,2023-08-14 15:11:39