createdate,dealname,amount,closedate,dealstage_label,dealstage,hs_lastmodifieddate,hs_object_id,forecasted,probability,displayOrder,pipeline
2018-06-06T17:57:46.338Z,Mystery Capital,599,2018-06-30T17:57:46.338Z,Opportunity,8432672,2022-09-27T00:22:29.510Z,306763502,59.9,0.1,0,Revenue
2020-01-30T09:30:09.976Z,Mystery Finance Solutions,599,2020-01-31T09:30:09.975Z,Opportunity,8432672,2022-09-27T00:22:29.510Z,1495383475,59.9,0.1,0,Revenue
2020-05-07T15:16:56.096Z,Deal X-98,599,2020-05-31T15:16:56.091Z,Opportunity,8432672,2022-09-27T00:22:29.510Z,1975540469,59.9,0.1,0,Revenue
2020-10-09T10:56:41.993Z,Project Vortex,599,2021-10-30T10:59:58.913Z,Opportunity,8432672,2022-09-27T00:22:29.510Z,3091163143,59.9,0.1,0,Revenue
2020-11-05T14:29:55.035Z,BCG Industries - Project Sentinel,599,2021-04-30T16:32:50.568Z,Opportunity,8432672,2022-09-27T00:22:29.510Z,3310574119,59.9,0.1,0,Revenue
2021-01-19T15:17:36.536Z,Stealth Savings Partnership,5000,2021-06-30T12:17:46.921Z,Opportunity,8432672,2022-11-17T01:47:24.346Z,4011390611,500,0.1,0,Revenue
2021-02-09T09:12:13.160Z,Project Stealth,599,2021-06-30T10:07:58.948Z,Opportunity,8432672,2022-09-27T00:22:29.510Z,4119569567,59.9,0.1,0,Revenue
2021-02-09T09:14:49.479Z,Confidential Aqua Biz,599,2021-02-28T09:14:49.479Z,Opportunity,8432672,2022-09-27T00:22:29.510Z,4119600227,59.9,0.1,0,Revenue
2021-04-21T13:19:10.954Z,Mysterious Alliance,599,2021-05-28T06:31:39.443Z,Opportunity,8432672,2022-09-27T00:22:29.510Z,5064150145,59.9,0.1,0,Revenue
2021-04-27T13:07:47.920Z,ConfidentiaMetrics,599,,Opportunity,8432672,2022-09-27T00:22:29.510Z,5109334083,59.9,0.1,0,Revenue
2021-04-27T13:08:17.044Z,Project Phoenix,599,,Opportunity,8432672,2022-09-27T00:22:29.510Z,5110386844,59.9,0.1,0,Revenue
2021-04-27T13:08:20.828Z,Silvermetrics Data Hub,599,,Opportunity,8432672,2022-09-27T00:22:29.510Z,5110422615,59.9,0.1,0,Revenue
2021-04-27T13:08:59.759Z,Neptune - Aegis Venture Analytics Vault,599,,Opportunity,8432672,2022-09-27T00:22:29.510Z,5110425696,59.9,0.1,0,Revenue
2021-04-27T13:07:49.650Z,Sparkling Vantage Metrics Package,599,,Opportunity,8432672,2022-09-27T00:22:29.510Z,5110448900,59.9,0.1,0,Revenue
2021-04-27T13:07:56.049Z,ValueDeal,599,,Opportunity,8432672,2022-09-27T00:22:29.510Z,5110448906,59.9,0.1,0,Revenue
2021-04-27T13:07:45.017Z,Vastrac - EcoMetrics Solutions,599,,Opportunity,8432672,2022-09-27T00:22:29.510Z,5110451595,59.9,0.1,0,Revenue
2021-04-27T13:08:34.942Z,Deal X-Value-Anonymizer,3000,,Opportunity,8432672,2022-11-17T02:14:33.633Z,5110459832,300,0.1,0,Revenue
2021-04-27T13:09:08.226Z,Scribe Media - Confidante Analytics Depot,599,,Opportunity,8432672,2022-09-27T00:22:29.510Z,5110462759,59.9,0.1,0,Revenue
2021-04-27T13:07:52.168Z,Dealcloak,599,,Opportunity,8432672,2022-09-27T00:22:29.510Z,5110465464,59.9,0.1,0,Revenue
2021-04-27T13:07:58.522Z,StellarCommerce,599,,Opportunity,8432672,2022-09-27T00:22:29.510Z,5110465538,59.9,0.1,0,Revenue
2021-04-27T13:08:15.759Z,Value: Anonimizer Deal,599,,Opportunity,8432672,2022-09-27T00:22:29.510Z,5110465545,59.9,0.1,0,Revenue
2021-05-03T21:05:35.581Z,MystiFirm Value Exchange,599,,Opportunity,8432672,2022-09-27T00:22:29.510Z,5168134707,59.9,0.1,0,Revenue
2021-05-04T00:21:29.602Z,Store Value Deal,599,,Opportunity,8432672,2022-09-27T00:22:29.510Z,5170276197,59.9,0.1,0,Revenue
2021-05-05T05:24:39.434Z,Mystery Partner Bargain,3000,,Opportunity,8432672,2022-11-17T02:14:33.633Z,5178576220,300,0.1,0,Revenue
2021-05-05T08:58:14.657Z,VEIL - Algiers Holdings,2000,2023-03-31T01:18:42.472Z,Opportunity,8432672,2022-11-17T02:18:59.762Z,5180628393,200,0.1,0,Revenue
2021-05-05T19:10:39.154Z,Value-Pro Metrics Solutions,599,,Opportunity,8432672,2022-09-27T00:22:29.510Z,5183525947,59.9,0.1,0,Revenue
2021-05-06T16:59:47.562Z,VortexXcel Enterprises,599,,Opportunity,8432672,2022-09-27T00:22:29.510Z,5191964834,59.9,0.1,0,Revenue
2021-05-06T17:29:40.154Z,SeValt - Naas Confidential Business Intelligence Solutions,599,,Opportunity,8432672,2022-09-27T00:22:29.510Z,5192040528,59.9,0.1,0,Revenue
2021-05-06T17:51:10.580Z,EPath Analytics Emporium,599,,Opportunity,8432672,2022-09-27T00:22:29.452Z,5192411668,59.9,0.1,0,Revenue
2021-05-07T03:20:46.920Z,Vestibulum Insight Solutions,599,,Opportunity,8432672,2022-09-27T00:22:29.452Z,5198587319,59.9,0.1,0,Revenue
2021-05-07T06:59:12.294Z,AstroBiz - Confidential Business Insights Hub,599,,Opportunity,8432672,2022-09-27T00:22:29.452Z,5199227206,59.9,0.1,0,Revenue
2021-05-07T06:46:34.062Z,Valutex - AssessMe Enterprise Value Tracker,599,,Opportunity,8432672,2022-09-27T00:22:29.452Z,5199474339,59.9,0.1,0,Revenue
2021-05-07T07:45:18.362Z,AnonyValue - CleveMetric Solutions,599,,Opportunity,8432672,2022-09-27T00:22:29.452Z,5199499264,59.9,0.1,0,Revenue
2021-05-07T13:49:12.512Z,Obscure Enterprises Value Emporium,599,,Opportunity,8432672,2022-09-27T00:22:29.452Z,5201222168,59.9,0.1,0,Revenue
2021-05-10T07:36:39.106Z,Veritrade - Discreet Performance Tracker,599,,Opportunity,8432672,2022-09-27T00:22:29.452Z,5218263730,59.9,0.1,0,Revenue
2021-05-10T12:39:11.473Z,Anonymous Enterprise Metrics Exchange (AEME),599,,Opportunity,8432672,2022-09-27T00:22:29.452Z,5220077092,59.9,0.1,0,Revenue
2021-05-11T19:48:29.071Z,Serenity Solutions,599,,Opportunity,8432672,2022-09-27T00:22:29.452Z,5233254291,59.9,0.1,0,Revenue
2021-05-12T07:15:04.013Z,JOF-NEM-Deal,599,,Opportunity,8432672,2022-09-27T00:22:29.452Z,5236846686,59.9,0.1,0,Revenue
2021-05-14T01:02:34.507Z,Zephyr Tech Solutions,599,,Opportunity,8432672,2022-09-27T00:22:29.452Z,5258474243,59.9,0.1,0,Revenue
2021-05-14T09:14:20.623Z,Mystery Mart,599,2021-06-30T10:59:15.285Z,Opportunity,8432672,2022-09-27T00:22:29.452Z,5263385390,59.9,0.1,0,Revenue
2021-05-14T10:32:21.432Z,Mystique Metrics Master,599,,Opportunity,8432672,2022-09-27T00:22:29.452Z,5263514791,59.9,0.1,0,Revenue
2021-05-14T23:23:00.675Z,INSEAD - Secure Data Exchange Initiative,599,,Opportunity,8432672,2022-09-27T00:22:29.452Z,5265793371,59.9,0.1,0,Revenue
2021-05-15T02:15:54.153Z,anaskoor.com - Tivon Solutions Exchange,599,,Opportunity,8432672,2022-09-27T00:22:29.452Z,5266068851,59.9,0.1,0,Revenue
2021-05-15T08:28:08.287Z,Preston ðŸš© - Castle Business Analytics Market,599,,Opportunity,8432672,2022-09-27T00:22:29.452Z,5268483398,59.9,0.1,0,Revenue
2021-05-15T17:08:49.997Z,Project Equivalue,599,,Opportunity,8432672,2022-09-27T00:22:29.452Z,5270010548,59.9,0.1,0,Revenue
2021-05-16T19:08:09.619Z,Stealth Insights Deal,599,,Opportunity,8432672,2022-09-27T00:22:29.452Z,5275123478,59.9,0.1,0,Revenue
2021-05-17T13:04:41.721Z,The Confidential Enterprise Bargains Emporium,599,,Opportunity,8432672,2022-09-27T00:22:29.452Z,5281026342,59.9,0.1,0,Revenue
2021-05-19T17:11:19.202Z,The Hawkeye Accord,3000,,Opportunity,8432672,2022-11-17T02:14:33.633Z,5299864129,300,0.1,0,Revenue
2021-05-20T23:02:08.274Z,Confidential Advantage Metrics Bundle,599,,Opportunity,8432672,2022-09-27T00:22:29.452Z,5308772691,59.9,0.1,0,Revenue
2021-05-21T15:32:02.232Z,Project StealthValue,599,,Opportunity,8432672,2022-09-27T00:22:29.452Z,5318127958,59.9,0.1,0,Revenue
2021-05-21T23:16:56.295Z,Vitalico Analytics Platform,599,,Opportunity,8432672,2022-09-27T00:22:29.452Z,5320254605,59.9,0.1,0,Revenue
2021-05-26T10:10:51.534Z,Anon-Max Deal,599,,Opportunity,8432672,2022-09-27T00:22:29.452Z,5351460754,59.9,0.1,0,Revenue
2021-05-26T14:47:40.475Z,Orleans Enterprise Agreement,3000,,Opportunity,8432672,2022-11-17T02:14:33.633Z,5352512361,300,0.1,0,Revenue
2021-05-27T17:35:36.245Z,The Elite Boutique,599,,Opportunity,8432672,2022-09-27T00:22:29.452Z,5359108399,59.9,0.1,0,Revenue
2021-05-28T01:32:06.440Z,Stealth Education Bargain,599,,Opportunity,8432672,2023-05-21T09:26:07.670Z,5360999191,59.9,0.1,0,Revenue
2021-05-28T21:04:15.375Z,Project Alpha,3000,,Opportunity,8432672,2022-11-17T02:14:33.633Z,5366246519,300,0.1,0,Revenue
2021-05-30T22:36:51.937Z,The Lone Star Solutions Initiative,3000,,Opportunity,8432672,2022-11-17T02:14:33.633Z,5373520560,300,0.1,0,Revenue
2021-05-31T04:09:06.815Z,Stealth Value Mart,599,,Opportunity,8432672,2022-09-27T00:22:29.452Z,5374451629,59.9,0.1,0,Revenue
2021-05-31T09:17:47.482Z,NEEL - New Efficient Enterprise Loyalty,599,,Opportunity,8432672,2022-09-27T00:22:29.452Z,5375503936,59.9,0.1,0,Revenue
2021-05-31T12:08:20.577Z,The Nuvo Venture Exchange,599,,Opportunity,8432672,2022-09-27T00:22:29.452Z,5376270200,59.9,0.1,0,Revenue
2021-01-13T08:53:35.772Z,Confidential Enterprise Pro Plan,599,2021-06-30T15:51:33.117Z,Opportunity,8432672,2022-09-27T00:22:29.510Z,5385372254,59.9,0.1,0,Revenue
2021-05-19T10:52:53.483Z,Value Deal: CodeGold,599,2022-09-20T14:36:40.030Z,Close Lost,8432678,2022-09-26T20:53:18.245Z,5386731671,0,0,6,Revenue
2021-06-02T12:42:28.456Z,Confidential Rewards Scheme,599,,Opportunity,8432672,2022-09-27T00:22:29.452Z,5387974058,59.9,0.1,0,Revenue
2021-06-04T08:34:05.306Z,Mystic Value Exchange,599,,Opportunity,8432672,2022-09-27T00:22:29.452Z,5399310132,59.9,0.1,0,Revenue
2021-06-04T13:21:04.682Z,Mystery Marker,599,2021-06-30T13:21:04.681Z,Opportunity,8432672,2022-09-27T00:22:29.452Z,5400635180,59.9,0.1,0,Revenue
2021-06-04T23:41:35.577Z,Stealth Power Bargain,599,,Opportunity,8432672,2022-09-27T00:22:29.452Z,5405088281,59.9,0.1,0,Revenue
2021-06-06T16:10:35.670Z,Veritrade Pro,599,,Opportunity,8432672,2022-09-27T00:22:29.452Z,5413482767,59.9,0.1,0,Revenue
2021-06-06T20:56:10.681Z,Sunshine Alliance,3000,,Opportunity,8432672,2023-01-19T19:32:15.174Z,5414286667,300,0.1,0,Revenue
2021-06-06T20:20:41.965Z,Mysterioso Denizen Complete,3000,,Opportunity,8432672,2022-11-17T02:14:33.633Z,5414345027,300,0.1,0,Revenue
2021-06-07T08:36:18.989Z,Project Pinnacle Metrics,599,,Opportunity,8432672,2022-09-27T00:22:29.452Z,5416499880,59.9,0.1,0,Revenue
2021-06-10T07:57:15.007Z,Project Aura,599,,Opportunity,8432672,2022-09-27T00:22:29.452Z,5433624595,59.9,0.1,0,Revenue
2021-06-11T05:27:30.094Z,SECRET - Naas Value Vault,599,,Opportunity,8432672,2022-09-27T00:22:29.452Z,5438415627,59.9,0.1,0,Revenue
2021-06-11T06:15:53.815Z,MystiValu - Secrets Elite Exchange,599,,Opportunity,8432672,2022-09-27T00:22:29.452Z,5438474506,59.9,0.1,0,Revenue
2021-06-11T13:24:26.454Z,Vx-Oq - Vintex Optimization Solution,599,,Opportunity,8432672,2022-09-27T00:22:29.452Z,5440616507,59.9,0.1,0,Revenue
2021-06-11T14:42:57.686Z,bluz.om - Krios Business Insights Hub,599,,Opportunity,8432672,2022-09-27T00:22:29.452Z,5440736564,59.9,0.1,0,Revenue
2021-06-11T14:16:58.127Z,ConfidentialCity - Disguised Enterprise Analysis Hub,599,,Opportunity,8432672,2022-09-27T00:22:29.452Z,5440789594,59.9,0.1,0,Revenue
2021-06-12T08:14:36.466Z,MYSAVE - Mystical Value Exchange,599,,Opportunity,8432672,2022-10-25T07:18:43.742Z,5444266873,59.9,0.1,0,Revenue
2021-06-12T14:11:00.707Z,Anonymous Enterprise Metrics Deal,599,,Opportunity,8432672,2022-09-27T00:22:29.452Z,5444995329,59.9,0.1,0,Revenue
2021-06-14T08:03:14.702Z,valueanonymizationhub.com,599,,Opportunity,8432672,2022-09-27T00:22:29.429Z,5451266188,59.9,0.1,0,Revenue
2021-06-14T07:43:21.808Z,Confidential Value Solutions,599,,Opportunity,8432672,2022-09-27T00:22:29.452Z,5451273122,59.9,0.1,0,Revenue
2021-06-14T09:00:07.505Z,ANONMETRICS,599,,Opportunity,8432672,2022-09-27T00:22:29.429Z,5451562645,59.9,0.1,0,Revenue
2021-06-14T18:59:51.499Z,BLD Holdings - Alpha Enterprise Solutions,599,,Opportunity,8432672,2022-09-27T00:22:29.429Z,5456073652,59.9,0.1,0,Revenue
2021-06-15T14:48:48.566Z,MystiCore Business Data Exchange,599,,Opportunity,8432672,2022-09-27T00:22:29.429Z,5461573770,59.9,0.1,0,Revenue
2021-06-16T11:38:47.413Z,Anonymous Ventures Unlimited,599,,Opportunity,8432672,2022-09-27T00:22:29.429Z,5467302019,59.9,0.1,0,Revenue
2021-06-16T19:24:51.309Z,Operation Stealth Analytics,599,,Opportunity,8432672,2022-09-27T00:22:29.429Z,5469905192,59.9,0.1,0,Revenue
2021-06-17T01:58:40.638Z,Value Deal,599,,Opportunity,8432672,2022-09-27T00:22:29.429Z,5472029873,59.9,0.1,0,Revenue
2021-06-17T10:35:50.235Z,Project Vortex,599,,Opportunity,8432672,2022-09-27T00:22:29.429Z,5474070895,59.9,0.1,0,Revenue
2021-06-17T14:12:13.171Z,Confidata - Discreet Business Analytics Hub,599,,Opportunity,8432672,2022-09-27T00:22:29.429Z,5475027600,59.9,0.1,0,Revenue
2021-06-18T07:58:43.894Z,Epicore - Quantum Analytics Solutions,599,,Opportunity,8432672,2022-09-27T00:22:29.429Z,5479361827,59.9,0.1,0,Revenue
2021-06-18T13:19:36.690Z,AnonTech: Confidential Data Solutions,599,2021-06-30T13:19:36.690Z,Opportunity,8432672,2022-09-27T00:22:29.429Z,5480438801,59.9,0.1,0,Revenue
2021-06-19T21:35:49.136Z,Confidential Commerce Hub,599,,Opportunity,8432672,2022-09-27T00:22:29.429Z,5487753231,59.9,0.1,0,Revenue
2021-06-20T13:26:23.783Z,AnonyVarsity: Encrypted Initiative,3000,,Opportunity,8432672,2023-08-10T15:00:26.617Z,5489995301,300,0.1,0,Revenue
2021-06-20T16:44:56.592Z,Project X Plus,599,2021-06-30T16:44:56.592Z,Opportunity,8432672,2022-09-27T00:22:29.429Z,5490445578,59.9,0.1,0,Revenue
2021-06-22T06:53:24.217Z,Project Aegis,1000,2021-12-30T07:58:43.555Z,Opportunity,8432672,2022-11-17T02:17:24.408Z,5502092344,100,0.1,0,Revenue
2021-06-22T19:43:02.697Z,Golden Lion Partnership Analytics,599,,Opportunity,8432672,2022-09-27T00:22:29.429Z,5507672893,59.9,0.1,0,Revenue
2021-06-23T09:42:23.759Z,Maskastat,599,,Opportunity,8432672,2022-09-27T00:22:29.429Z,5512959240,59.9,0.1,0,Revenue
2021-06-23T12:25:47.887Z,ValuMatic Enterprises,599,,Opportunity,8432672,2022-09-27T00:22:29.429Z,5513970335,59.9,0.1,0,Revenue
2021-06-24T13:41:57.502Z,Confidential Exchange Solutions - Valor Metrics Emporium,599,,Opportunity,8432672,2022-09-27T00:22:29.429Z,5524692089,59.9,0.1,0,Revenue
2021-06-25T08:06:40.355Z,Golden State Initiative,3000,,Opportunity,8432672,2022-11-17T02:14:33.633Z,5533363733,300,0.1,0,Revenue
2021-06-25T12:22:26.212Z,Mystery - Value Spot Activity Secret Chat,599,2023-08-11T15:08:46.931Z,Scoping,8432674,2023-08-16T06:02:55.075Z,5535306873,119.8,0.2,1,Revenue
2021-06-26T17:59:26.182Z,Confidential Enterprise Metrics Deal,599,,Opportunity,8432672,2022-11-03T23:15:03.925Z,5544616711,59.9,0.1,0,Revenue
2021-06-27T08:04:29.266Z,Mystery Deluxe Discount,599,,Opportunity,8432672,2022-09-27T00:22:29.429Z,5548876441,59.9,0.1,0,Revenue
2021-06-28T12:37:53.825Z,Operation Mercury,599,,Opportunity,8432672,2022-09-27T00:22:29.429Z,5556566391,59.9,0.1,0,Revenue
2021-06-29T06:04:59.648Z,RÃ©UnionNaasValueDeal,3000,,Opportunity,8432672,2022-11-17T02:14:33.633Z,5563287343,300,0.1,0,Revenue
2021-06-29T13:29:20.099Z,AnonMetric Arbitrage,599,,Opportunity,8432672,2022-09-27T00:22:29.429Z,5565356033,59.9,0.1,0,Revenue
2021-06-30T04:36:47.118Z,StealthVenture,599,,Opportunity,8432672,2022-09-27T00:22:29.429Z,5570505041,59.9,0.1,0,Revenue
2021-06-30T12:40:57.424Z,NDKX - Alpha Business Analytics Warehouse,599,,Opportunity,8432672,2022-09-27T00:22:29.429Z,5573367981,59.9,0.1,0,Revenue
2021-07-01T07:54:29.179Z,Project X,599,2021-07-31T07:54:29.179Z,Opportunity,8432672,2022-09-27T00:22:29.429Z,5583126423,59.9,0.1,0,Revenue
2021-07-01T09:04:59.832Z,Stealth Data Exchange Solution,599,,Opportunity,8432672,2022-12-01T15:32:46.052Z,5583346844,59.9,0.1,0,Revenue
2021-07-01T08:48:58.105Z,Mysterious Offer X,599,2021-07-31T08:48:58.105Z,Opportunity,8432672,2022-09-27T00:22:29.429Z,5583498796,59.9,0.1,0,Revenue
2021-07-02T18:06:32.262Z,Anonymous Insight Deal,599,,Opportunity,8432672,2022-09-27T00:22:29.429Z,5595454520,59.9,0.1,0,Revenue
2021-07-04T20:15:21.295Z,ValueDeal,599,,Opportunity,8432672,2022-09-27T00:22:29.429Z,5609324674,59.9,0.1,0,Revenue
2021-07-06T08:05:08.159Z,Tech-32 - Fortis Solutions Warehouse,599,,Opportunity,8432672,2022-09-27T00:22:29.429Z,5620002824,59.9,0.1,0,Revenue
2021-07-06T09:49:37.227Z,StealthValue - Naas Confidential Metrics Exchange,599,,Opportunity,8432672,2022-09-27T00:22:29.429Z,5620674136,59.9,0.1,0,Revenue
2021-07-07T09:57:18.242Z,Project Diamond: CEO Automated Reports,599,2021-07-31T09:57:18.242Z,Opportunity,8432672,2022-09-27T00:22:29.429Z,5629208887,59.9,0.1,0,Revenue
2021-07-07T09:56:17.005Z,Project Stealth Force,599,2021-07-31T09:56:17.005Z,Opportunity,8432672,2022-09-27T00:22:29.429Z,5629255020,59.9,0.1,0,Revenue
2021-07-07T11:18:20.178Z,Stealthy Bargain,599,,Opportunity,8432672,2022-09-27T00:22:29.429Z,5629715888,59.9,0.1,0,Revenue
2021-07-07T14:28:44.324Z,Mystery Market Solutions,599,,Opportunity,8432672,2022-09-27T00:22:29.429Z,5631108406,59.9,0.1,0,Revenue
2021-07-07T13:25:46.708Z,TechEdElite Deal,3000,,Opportunity,8432672,2023-03-30T00:11:27.601Z,5631318445,300,0.1,0,Revenue
2021-07-07T23:53:11.606Z,Project Emerald,3000,,Opportunity,8432672,2022-11-17T02:14:33.633Z,5635045657,300,0.1,0,Revenue
2021-07-08T08:14:24.117Z,Australian Government Department of Economic Opportunity,599,,Opportunity,8432672,2022-09-27T00:22:29.429Z,5637973350,59.9,0.1,0,Revenue
2021-07-08T09:44:11.692Z,Project Alpha,599,,Opportunity,8432672,2022-09-27T00:22:29.429Z,5638400262,59.9,0.1,0,Revenue
2021-07-09T08:57:33.950Z,VANTOGO - ADVANCE,599,2022-03-07T13:32:19.922Z,Close Lost,8432678,2022-09-26T20:53:18.245Z,5646881615,0,0,6,Revenue
2021-07-09T13:50:49.424Z,StealthValue Analytics Hub,599,,Opportunity,8432672,2022-09-27T00:22:29.429Z,5648993290,59.9,0.1,0,Revenue
2021-07-09T17:51:31.354Z,Sonora Enterprise Solutions,599,,Opportunity,8432672,2022-09-27T00:22:29.429Z,5649995378,59.9,0.1,0,Revenue
2021-07-10T11:55:16.618Z,Value Metrics Deal,599,,Opportunity,8432672,2022-09-27T00:22:29.429Z,5654582692,59.9,0.1,0,Revenue
2021-07-10T16:06:07.102Z,tylabs.org - Stealth Enterprise Analytics Hub,599,,Opportunity,8432672,2022-09-27T00:22:29.429Z,5656066731,59.9,0.1,0,Revenue
2021-07-12T07:39:31.659Z,Project Metrics Maximizer,599,,Opportunity,8432672,2022-09-27T00:22:29.429Z,5664420165,59.9,0.1,0,Revenue
2021-07-13T18:32:37.041Z,Project Shield,599,,Opportunity,8432672,2022-09-27T00:22:29.429Z,5676988280,59.9,0.1,0,Revenue
2021-07-13T18:25:43.848Z,Anonymous Value Deals,599,,Opportunity,8432672,2022-09-27T00:22:29.429Z,5677064751,59.9,0.1,0,Revenue
2021-07-13T21:08:01.006Z,V2MMetricsDeal,599,,Opportunity,8432672,2022-09-27T00:22:29.402Z,5678256975,59.9,0.1,0,Revenue
2021-07-16T23:39:04.739Z,Naas Value Exchange,599,,Opportunity,8432672,2022-09-27T00:22:29.402Z,5703162002,59.9,0.1,0,Revenue
2021-07-20T10:06:36.905Z,Stealthstats - IntelVault Insights,599,,Opportunity,8432672,2022-09-27T00:22:29.402Z,5725715873,59.9,0.1,0,Revenue
2021-07-20T16:37:49.192Z,Project Opacity Metrics,599,,Opportunity,8432672,2022-09-27T00:22:29.402Z,5727955231,59.9,0.1,0,Revenue
2021-07-21T09:11:37.231Z,Infinite Value Boost Deal,599,,Opportunity,8432672,2022-09-27T00:22:29.402Z,5733007239,59.9,0.1,0,Revenue
2021-07-21T11:50:12.375Z,Stealth Metrics Emporium,599,,Opportunity,8432672,2022-09-27T00:22:29.402Z,5735695281,59.9,0.1,0,Revenue
2021-07-21T14:44:22.459Z,Ample Enterprises Emporium,599,,Opportunity,8432672,2022-09-27T00:22:29.402Z,5736144198,59.9,0.1,0,Revenue
2021-07-25T21:34:27.217Z,Catalunyan Innovation Pact,3000,,Opportunity,8432672,2022-11-17T02:14:33.633Z,5768114750,300,0.1,0,Revenue
2021-07-27T12:42:01.198Z,Stealth Value Compendium,599,,Opportunity,8432672,2022-09-27T00:22:29.402Z,5781992488,59.9,0.1,0,Revenue
2021-07-28T11:23:56.346Z,Mystic Transaction,599,2021-07-31T11:23:56.346Z,Opportunity,8432672,2022-09-27T00:22:29.402Z,5790865753,59.9,0.1,0,Revenue
2021-07-28T13:47:13.612Z,Qonto - Alpha Value Solutions,599,,Opportunity,8432672,2022-09-27T00:22:29.402Z,5791812747,59.9,0.1,0,Revenue
2021-07-29T11:31:01.163Z,Mystery Metrics Bargain,599,,Opportunity,8432672,2022-09-27T00:22:29.402Z,5800000128,59.9,0.1,0,Revenue
2021-07-29T11:06:57.857Z,Confidential Prestige Metrics Offer,599,,Opportunity,8432672,2022-09-27T00:22:29.402Z,5800216977,59.9,0.1,0,Revenue
2021-07-29T13:41:57.922Z,Stealth Metrics Exchange,599,,Opportunity,8432672,2022-09-27T00:22:29.402Z,5800584753,59.9,0.1,0,Revenue
2021-07-29T14:23:38.981Z,Radiant Value Exchange,599,,Opportunity,8432672,2022-09-27T00:22:29.402Z,5801514640,59.9,0.1,0,Revenue
2021-07-30T14:06:41.257Z,MysterMetrics,599,,Opportunity,8432672,2022-09-27T00:22:29.402Z,5809783727,59.9,0.1,0,Revenue
2021-07-30T18:49:03.971Z,Dljurek - Sylva Warehouse Bargains,599,,Opportunity,8432672,2022-09-27T00:22:29.402Z,5812082992,59.9,0.1,0,Revenue
2021-08-02T06:00:33.063Z,Mystery Metrics Bargain,599,,Opportunity,8432672,2022-09-27T00:22:29.402Z,5827504260,59.9,0.1,0,Revenue
2021-08-04T14:39:27.440Z,Vanguard - Confidential Finance Optimization,1200,2022-03-07T13:32:18.067Z,Close Lost,8432678,2022-09-26T20:53:49.079Z,5849266571,0,0,6,Revenue
2021-08-05T09:39:35.797Z,Silent Renegade,599,2021-10-31T12:19:36.191Z,Suspended,8432673,2022-10-26T09:13:02.509Z,5857756772,0,0,5,Revenue
2021-08-05T09:47:44.705Z,Project Blaze,599,2021-08-31T09:47:44.705Z,Opportunity,8432672,2022-09-27T00:22:29.402Z,5858561879,59.9,0.1,0,Revenue
2021-08-09T09:01:54.969Z,Spectra Deals,599,,Opportunity,8432672,2022-09-27T00:22:29.402Z,5886626967,59.9,0.1,0,Revenue
2021-08-11T13:48:56.357Z,Stealth Metrics Exchange,599,,Opportunity,8432672,2022-09-27T00:22:29.402Z,5907988794,59.9,0.1,0,Revenue
2021-08-12T08:21:19.585Z,ShadowLion Deal,599,2021-08-31T08:21:19.585Z,Opportunity,8432672,2022-09-27T00:22:29.402Z,5913320469,59.9,0.1,0,Revenue
2021-08-17T02:52:26.961Z,Stealth Metrics Boutique,599,,Opportunity,8432672,2022-09-27T00:22:29.402Z,5946115432,59.9,0.1,0,Revenue
2021-08-18T07:58:57.970Z,ValuMax - Aegis Data Solutions,599,,Opportunity,8432672,2022-09-27T00:22:29.402Z,5975561363,59.9,0.1,0,Revenue
2021-08-19T03:52:27.292Z,Anonymous Strategy Solutions,599,,Opportunity,8432672,2022-09-27T00:22:29.402Z,5983461724,59.9,0.1,0,Revenue
2021-08-20T20:27:02.934Z,Stealth Value Exchange,599,,Opportunity,8432672,2022-12-01T23:04:05.793Z,5998521170,59.9,0.1,0,Revenue
2021-08-23T12:43:50.778Z,Mistral Enterprises Market Metrics,599,,Opportunity,8432672,2022-09-27T00:22:29.402Z,6013176887,59.9,0.1,0,Revenue
2021-08-26T15:40:07.277Z,Mystic Venture Solutions,599,,Opportunity,8432672,2022-09-27T00:22:29.402Z,6038541241,59.9,0.1,0,Revenue
2021-08-26T15:41:09.838Z,Sapphire Solutions - Venture Analytics Hub,599,,Opportunity,8432672,2022-09-27T00:22:29.402Z,6038597763,59.9,0.1,0,Revenue
2021-08-27T08:23:43.363Z,Confidential Unity Ventures,599,,Opportunity,8432672,2022-09-27T00:22:29.402Z,6044352073,59.9,0.1,0,Revenue
2021-07-01T07:27:16.601Z,AnonyMAGE Capital - Confidential Asset Management Solution,599,2022-09-20T14:10:10.790Z,Close Lost,8432678,2022-09-26T20:53:49.079Z,6059848868,0,0,6,Revenue
2021-08-30T07:16:21.007Z,AnonDeal: Mystic Metrics,599,,Opportunity,8432672,2022-09-27T00:22:29.402Z,6064065208,59.9,0.1,0,Revenue
2021-08-31T07:35:43.439Z,EnerTrak Pro,599,2021-08-31T07:35:43.439Z,Opportunity,8432672,2022-09-27T00:22:29.402Z,6072654346,59.9,0.1,0,Revenue
2021-09-01T13:35:23.609Z,23.us.org - Stealth Commerce Solutions,599,,Opportunity,8432672,2022-09-27T00:22:29.402Z,6084735809,59.9,0.1,0,Revenue
2021-09-02T05:30:00.245Z,StealthMetrics,599,,Opportunity,8432672,2022-09-27T00:22:29.402Z,6113005582,59.9,0.1,0,Revenue
2021-09-02T11:58:52.159Z,Value: New Tech Solutions Bargain,599,,Opportunity,8432672,2022-09-27T00:22:29.402Z,6124121980,59.9,0.1,0,Revenue
2021-09-03T15:49:03.421Z,Mysterious Merit,3000,,Opportunity,8432672,2022-11-17T02:14:33.633Z,6131699301,300,0.1,0,Revenue
2021-09-06T10:17:42.196Z,StealthSavers,599,,Opportunity,8432672,2022-09-27T00:22:29.402Z,6147889318,59.9,0.1,0,Revenue
2021-09-07T09:06:15.460Z,Integra Pro Savings Hub,599,,Opportunity,8432672,2022-09-27T00:22:29.402Z,6153746229,59.9,0.1,0,Revenue
2021-09-07T14:57:29.163Z,SecureValue Deals,599,,Opportunity,8432672,2022-09-27T00:22:29.402Z,6155468835,59.9,0.1,0,Revenue
2021-09-08T04:39:55.771Z,tpmplast.com - Stealth Metrics Solutions,599,,Opportunity,8432672,2022-09-27T00:22:29.402Z,6161383466,59.9,0.1,0,Revenue
2021-09-08T16:21:03.440Z,XTRAVALUE DEAL,599,,Opportunity,8432672,2022-09-27T00:22:29.402Z,6164746648,59.9,0.1,0,Revenue
2021-09-09T10:28:56.296Z,Vitalix - MetaTech Metrics Exchange,599,,Opportunity,8432672,2022-09-27T00:22:29.402Z,6171635308,59.9,0.1,0,Revenue
2021-09-10T12:13:00.366Z,L-NEMS Deal,599,,Opportunity,8432672,2022-09-27T00:22:29.402Z,6179778584,59.9,0.1,0,Revenue
2021-09-10T13:25:31.057Z,Project Harmony,599,2021-09-30T13:25:31.057Z,Opportunity,8432672,2022-09-27T00:22:29.402Z,6180302387,59.9,0.1,0,Revenue
2021-09-10T13:27:12.186Z,Stealth Byte,5000,2023-05-08T19:43:06.603Z,Suspended,8432673,2023-05-08T19:43:07.405Z,6180302676,0,0,5,Revenue
2021-09-10T18:21:55.138Z,Stealth Analytics Emporium,599,,Opportunity,8432672,2022-09-27T00:22:29.402Z,6182334786,59.9,0.1,0,Revenue
2021-09-11T08:02:49.146Z,Project Alpha,3000,,Opportunity,8432672,2022-11-17T02:14:33.633Z,6186505359,300,0.1,0,Revenue
2021-09-13T02:00:22.528Z,Operation Crimson Shield,3000,,Opportunity,8432672,2022-11-17T02:14:33.633Z,6198089485,300,0.1,0,Revenue
2021-09-13T07:56:12.161Z,Confidential Commerce Exchange,599,,Opportunity,8432672,2022-09-27T00:22:29.402Z,6199757836,59.9,0.1,0,Revenue
2021-09-13T14:03:15.822Z,Oceanic Analytics Initiative,599,,Opportunity,8432672,2022-09-27T00:22:29.377Z,6201393487,59.9,0.1,0,Revenue
2021-09-13T14:48:12.972Z,ConfidentiaValue+ - ShieldData Enterprise Analytics Hub,599,,Opportunity,8432672,2022-09-27T00:22:29.377Z,6201897729,59.9,0.1,0,Revenue
2021-09-13T17:59:05.716Z,Stealth Value Solutions,599,,Opportunity,8432672,2022-09-27T00:22:29.377Z,6204253575,59.9,0.1,0,Revenue
2021-09-14T10:17:07.683Z,Prime Digital Solutions,599,,Opportunity,8432672,2022-09-27T00:22:29.377Z,6209656713,59.9,0.1,0,Revenue
2021-09-14T10:56:07.019Z,The Secret Fusion Deal,599,,Opportunity,8432672,2022-09-27T00:22:29.377Z,6209849436,59.9,0.1,0,Revenue
2021-09-15T11:27:31.715Z,Mystery Enterprise Solutions,599,,Opportunity,8432672,2022-09-27T00:22:29.377Z,6218415234,59.9,0.1,0,Revenue
2021-09-15T11:34:36.714Z,Project Sigma,599,,Opportunity,8432672,2022-09-27T00:22:29.377Z,6218507957,59.9,0.1,0,Revenue
2021-09-15T14:38:28.132Z,Belo Brasil Emporium Deal,599,,Opportunity,8432672,2022-09-27T00:22:29.377Z,6220695913,59.9,0.1,0,Revenue
2021-09-15T17:43:04.568Z,surfvaluenexus.com,599,,Opportunity,8432672,2022-09-27T00:22:29.377Z,6222338428,59.9,0.1,0,Revenue
2021-09-20T23:44:56.154Z,Deal X,3000,,Opportunity,8432672,2022-11-17T02:14:33.633Z,6262097545,300,0.1,0,Revenue
2021-09-21T11:25:29.544Z,Confidential Enterprises Advantage Platform,599,,Opportunity,8432672,2022-09-27T00:22:29.377Z,6264949820,59.9,0.1,0,Revenue
2021-09-21T15:48:29.221Z,Eco-Footprint Recompense,599,2021-09-30T15:48:29.221Z,Opportunity,8432672,2022-09-27T00:22:29.377Z,6266821411,59.9,0.1,0,Revenue
2021-09-21T15:45:56.227Z,Confidential Offer: Expertise Enhancement Package,599,2021-09-30T15:45:56.227Z,Opportunity,8432672,2022-09-27T00:22:29.377Z,6266842139,59.9,0.1,0,Revenue
2021-09-22T08:38:17.813Z,StealthyBiz Deals,599,,Opportunity,8432672,2022-09-27T00:22:29.377Z,6272282213,59.9,0.1,0,Revenue
2021-09-22T12:33:19.007Z,StealthScale,599,2021-11-30T13:05:42.844Z,Opportunity,8432672,2022-09-27T00:22:29.377Z,6273718688,59.9,0.1,0,Revenue
2021-09-23T12:20:43.290Z,Stellar Bargain,599,,Opportunity,8432672,2022-09-27T00:22:29.377Z,6281484328,59.9,0.1,0,Revenue
2021-09-24T10:10:25.010Z,Anonymize Pizza Delight,599,2021-09-30T10:10:25.010Z,Opportunity,8432672,2022-09-27T00:22:29.377Z,6289525623,59.9,0.1,0,Revenue
2021-09-24T15:30:36.918Z,Confidentia-Dent Delta-Mart,599,,Opportunity,8432672,2022-09-27T00:22:29.377Z,6291503741,59.9,0.1,0,Revenue
2021-09-27T11:40:55.622Z,Operation Stealth,599,2021-09-30T11:40:55.622Z,Opportunity,8432672,2022-09-27T00:22:29.377Z,6309811590,59.9,0.1,0,Revenue
2021-09-27T22:17:22.345Z,Mysterious Mart,599,,Opportunity,8432672,2022-09-27T00:22:29.377Z,6314433714,59.9,0.1,0,Revenue
2021-09-28T11:44:50.571Z,Shazdex,599,,Opportunity,8432672,2022-09-27T00:22:29.377Z,6319197598,59.9,0.1,0,Revenue
2021-09-30T08:28:51.238Z,Stealth Metrics Exchange,599,,Opportunity,8432672,2022-09-27T00:22:29.377Z,6333999366,59.9,0.1,0,Revenue
2021-10-01T07:01:08.305Z,Project Sentinel,39,2023-04-26T12:51:20.922Z,Revenue,9322543,2023-05-01T14:56:22.904Z,6343214183,39,1,4,Revenue
2021-10-03T08:53:21.578Z,Anonymous Metrics Deal,599,,Opportunity,8432672,2022-09-27T00:22:29.377Z,6374226858,59.9,0.1,0,Revenue
2021-10-05T14:51:28.085Z,Stealth Ventures,599,,Opportunity,8432672,2022-09-27T00:22:29.377Z,6526376608,59.9,0.1,0,Revenue
2021-10-10T14:54:02.490Z,Mystery Metrics Bargain,599,,Opportunity,8432672,2022-09-27T00:22:29.377Z,6579001529,59.9,0.1,0,Revenue
2021-10-10T22:30:14.240Z,Shadow Analytics,599,,Opportunity,8432672,2022-09-27T00:22:29.377Z,6581721263,59.9,0.1,0,Revenue
2021-10-12T08:39:52.846Z,PluMetStor,599,,Opportunity,8432672,2022-09-27T00:22:29.377Z,6597858816,59.9,0.1,0,Revenue
2021-10-12T16:05:38.789Z,Project Valor Initiative,599,,Opportunity,8432672,2022-09-27T00:22:29.377Z,6600668795,59.9,0.1,0,Revenue
2021-10-13T14:49:07.276Z,Mystery Ventures Unlimited - Valuenix Enterprise Exchange,599,,Opportunity,8432672,2022-09-27T00:22:29.377Z,6610703012,59.9,0.1,0,Revenue
2021-10-14T09:22:50.821Z,Valor-Connect,599,2021-10-31T09:22:50.821Z,Opportunity,8432672,2022-09-27T00:22:29.377Z,6619985685,59.9,0.1,0,Revenue
2021-10-17T19:03:11.193Z,Project LionKing,599,,Opportunity,8432672,2022-09-27T00:22:29.377Z,6676580239,59.9,0.1,0,Revenue
2021-10-18T18:41:36.641Z,Stealth Ventures,599,,Opportunity,8432672,2022-09-27T00:22:29.377Z,6684510271,59.9,0.1,0,Revenue
2021-10-19T18:44:55.921Z,Project Phoenix,3000,,Opportunity,8432672,2023-08-10T15:00:26.617Z,6697842251,300,0.1,0,Revenue
2021-10-19T21:18:28.136Z,Anonymous Solutions Group,599,,Opportunity,8432672,2022-09-27T00:22:29.377Z,6700680961,59.9,0.1,0,Revenue
2021-10-19T22:37:54.481Z,Secretive Shopper,599,,Opportunity,8432672,2022-09-27T00:22:29.377Z,6701559568,59.9,0.1,0,Revenue
2021-10-20T02:52:13.476Z,StealthMetrics AI,599,,Opportunity,8432672,2022-11-02T15:06:50.621Z,6701948065,59.9,0.1,0,Revenue
2021-10-20T03:07:57.799Z,StealthMetrics AI,599,,Opportunity,8432672,2022-11-02T15:06:51.453Z,6703319821,59.9,0.1,0,Revenue
2021-10-20T14:43:10.880Z,xmetricstore.com,599,,Opportunity,8432672,2022-09-27T00:22:29.377Z,6707000954,59.9,0.1,0,Revenue
2021-10-21T02:33:17.044Z,Mystery Merchant Metrics Solutions,599,,Opportunity,8432672,2022-09-27T00:22:29.377Z,6710639782,59.9,0.1,0,Revenue
2021-10-21T09:10:59.281Z,Deal: Vintage Vino Ventures,599,,Opportunity,8432672,2022-09-27T00:22:29.377Z,6712782657,59.9,0.1,0,Revenue
2021-10-21T19:17:03.748Z,Stealth Value Deals,599,,Opportunity,8432672,2022-09-27T00:22:29.377Z,6718426676,59.9,0.1,0,Revenue
2021-10-22T13:11:21.205Z,Emerald - Quantum Business Insights Platform,599,,Opportunity,8432672,2022-09-27T00:22:29.377Z,6724730541,59.9,0.1,0,Revenue
2021-10-22T15:12:04.789Z,StealthBiz Efficiency Bundle,599,,Opportunity,8432672,2022-09-27T00:22:29.377Z,6726048389,59.9,0.1,0,Revenue
2021-10-22T19:07:21.184Z,Project Alpha,599,,Opportunity,8432672,2022-09-27T00:22:29.377Z,6728258431,59.9,0.1,0,Revenue
2021-10-25T12:35:21.330Z,Confidential Capital,599,2021-10-31T12:35:21.330Z,Opportunity,8432672,2022-09-27T00:22:29.377Z,6746724611,59.9,0.1,0,Revenue
2021-10-26T09:33:19.380Z,Silver Horizon Publishing,599,,Opportunity,8432672,2022-09-27T00:22:29.377Z,6753501333,59.9,0.1,0,Revenue
2021-10-26T12:00:46.476Z,VCU Value Pack Deal,3000,,Opportunity,8432672,2022-11-17T02:14:33.633Z,6754770338,300,0.1,0,Revenue
2021-10-27T00:31:19.297Z,Confidential Food Co-op,599,,Opportunity,8432672,2022-09-27T00:22:29.377Z,6760227647,59.9,0.1,0,Revenue
2021-10-28T02:35:29.844Z,SecureValue Deal,599,,Opportunity,8432672,2022-09-27T00:22:29.377Z,6769592160,59.9,0.1,0,Revenue
2021-10-28T21:16:39.583Z,Confidential Commerce Exchange,599,,Opportunity,8432672,2022-09-27T00:22:29.377Z,6777778816,59.9,0.1,0,Revenue
2021-10-29T07:14:24.768Z,Amber Enterprises Solutions,599,,Opportunity,8432672,2022-09-27T00:22:29.353Z,6781280423,59.9,0.1,0,Revenue
2021-11-01T15:09:08.044Z,Project X - Data Enclave,34.45,2022-09-20T14:36:36.881Z,Close Lost,8432678,2022-09-26T20:53:18.245Z,6809611120,0,0,6,Revenue
2021-11-01T15:35:12.141Z,Quantum Analytics Pro,599,,Opportunity,8432672,2023-08-10T15:00:26.617Z,6810190009,59.9,0.1,0,Revenue
2021-11-02T22:15:15.524Z,Project Shield,599,,Opportunity,8432672,2022-09-27T00:22:29.353Z,6825059948,59.9,0.1,0,Revenue
2021-11-03T02:26:55.157Z,Mystery Venture Metrics- OV Enterprises,599,,Opportunity,8432672,2022-09-27T00:22:29.353Z,6826533516,59.9,0.1,0,Revenue
2021-11-07T13:53:43.162Z,Project Oasis,599,,Opportunity,8432672,2022-09-27T00:22:29.353Z,6860256090,59.9,0.1,0,Revenue
2021-11-07T19:03:40.071Z,ValueMax Enterprise Deals,599,,Opportunity,8432672,2022-09-27T00:22:29.353Z,6861196447,59.9,0.1,0,Revenue
2021-11-08T03:24:18.081Z,CosmoMetrics,599,,Opportunity,8432672,2022-09-27T00:22:29.353Z,6864540195,59.9,0.1,0,Revenue
2021-11-08T05:31:51.400Z,ValueMax,599,,Opportunity,8432672,2022-09-27T00:22:29.353Z,6865147004,59.9,0.1,0,Revenue
2021-11-08T16:08:40.973Z,Confidential Metrics Emporium,599,,Opportunity,8432672,2022-09-27T00:22:29.353Z,6869093556,59.9,0.1,0,Revenue
2021-11-09T12:52:41.166Z,Naas Penguin Metrics Deal,599,,Opportunity,8432672,2022-09-27T00:22:29.353Z,6878689669,59.9,0.1,0,Revenue
2021-11-10T08:30:05.229Z,Phoenix Trade Solutions,599,,Opportunity,8432672,2022-09-27T00:22:29.353Z,6887600128,59.9,0.1,0,Revenue
2021-11-11T22:07:15.889Z,Confidential Metric Depot,599,,Opportunity,8432672,2022-09-27T00:22:29.353Z,6900846184,59.9,0.1,0,Revenue
2021-11-12T15:32:53.332Z,Project Blue Shield,599,,Opportunity,8432672,2022-09-27T00:22:29.353Z,6908044058,59.9,0.1,0,Revenue
2021-11-14T07:43:25.522Z,Anonymous Byte Deal,599,,Opportunity,8432672,2022-09-27T00:22:29.353Z,6919401333,59.9,0.1,0,Revenue
2021-11-14T16:18:23.742Z,Alpine Excellence Agreement,3000,,Opportunity,8432672,2022-11-17T02:14:33.633Z,6921601937,300,0.1,0,Revenue
2021-11-15T10:34:50.684Z,Stealth Solutions,5000,,Opportunity,8432672,2022-11-17T01:46:04.661Z,6925445415,500,0.1,0,Revenue
2021-11-17T14:31:46.573Z,Mysterious Venture Hub,599,,Opportunity,8432672,2022-10-05T07:57:49.373Z,6945060495,59.9,0.1,0,Revenue
2021-11-18T20:49:45.081Z,Mystiq Data Solutions,599,,Opportunity,8432672,2022-09-27T00:22:29.353Z,6955806736,59.9,0.1,0,Revenue
2021-11-19T10:36:56.297Z,SAMSON - Enterprise Value Vortex,599,,Opportunity,8432672,2022-09-27T00:22:29.353Z,6959323428,59.9,0.1,0,Revenue
2021-11-20T01:00:20.773Z,Project Amethyst,599,,Opportunity,8432672,2022-09-27T00:22:29.353Z,6966637312,59.9,0.1,0,Revenue
2021-11-20T17:20:38.651Z,Stealth Profit Plan,599,,Opportunity,8432672,2022-09-27T00:22:29.353Z,6970331995,59.9,0.1,0,Revenue
2021-11-21T23:49:14.036Z,Silent Success Retail,599,,Opportunity,8432672,2022-09-27T00:22:29.353Z,6978031792,59.9,0.1,0,Revenue
2021-11-23T06:29:17.079Z,Mystery Value Hub,599,,Opportunity,8432672,2022-09-27T00:22:29.353Z,6988973119,59.9,0.1,0,Revenue
2021-11-23T08:01:55.627Z,Mysterious Insight Bargain,599,,Opportunity,8432672,2022-09-27T00:22:29.353Z,6989278056,59.9,0.1,0,Revenue
2021-11-23T16:21:37.187Z,Mistify Enterprise,5000,2023-03-31T00:50:07.345Z,Opportunity,8432672,2022-11-17T01:50:21.540Z,6992755771,500,0.1,0,Revenue
2021-11-24T13:47:11.095Z,HyperMetric,599,,Opportunity,8432672,2022-09-27T00:22:29.353Z,6999816988,59.9,0.1,0,Revenue
2021-11-24T20:00:21.269Z,Project Phoenix,5000,2023-03-31T00:51:32.135Z,Opportunity,8432672,2022-11-17T02:15:20.810Z,7002138163,500,0.1,0,Revenue
2021-11-25T08:27:45.814Z,Mysterious Institution Bargain,3000,,Opportunity,8432672,2022-11-17T02:14:33.633Z,7004750362,300,0.1,0,Revenue
2021-11-25T09:46:59.141Z,AquaTech Solutions,599,,Opportunity,8432672,2022-09-27T00:22:29.353Z,7005740591,59.9,0.1,0,Revenue
2021-11-25T18:18:08.542Z,Anonymous Value Store,599,,Opportunity,8432672,2022-09-27T00:22:29.353Z,7008613299,59.9,0.1,0,Revenue
2021-11-26T08:47:34.313Z,Secret Shield,5000,2023-03-31T00:51:03.308Z,Opportunity,8432672,2022-11-17T02:15:35.328Z,7013515271,500,0.1,0,Revenue
2021-11-26T10:18:26.395Z,VitalMetricks Store,599,,Opportunity,8432672,2023-07-17T09:14:58.699Z,7013694841,59.9,0.1,0,Revenue
2021-11-29T13:35:42.064Z,EncoreX - Discrete Business Insights Bundle,599,,Opportunity,8432672,2022-09-27T00:22:29.353Z,7036369969,59.9,0.1,0,Revenue
2021-11-30T15:09:37.820Z,Enigma Accord,3000,,Opportunity,8432672,2022-11-17T02:14:33.633Z,7045631655,300,0.1,0,Revenue
2021-12-02T13:52:52.366Z,CipherValue,600,2022-12-31T01:24:51.319Z,Opportunity,8432672,2023-06-09T17:17:23.470Z,7066936473,60,0.1,0,Revenue
2021-12-03T23:49:22.303Z,SilverSage Solutions,599,2022-12-31T01:24:51.319Z,Opportunity,8432672,2022-09-27T00:24:52.691Z,7081021266,59.9,0.1,0,Revenue
2021-12-08T01:57:22.059Z,SecureMetrics,599,2022-12-31T01:24:51.319Z,Opportunity,8432672,2022-09-27T00:24:52.691Z,7188068420,59.9,0.1,0,Revenue
2021-12-08T20:06:05.995Z,Project MaxiMonsters,599,2022-12-31T01:24:51.319Z,Opportunity,8432672,2022-09-27T00:24:52.691Z,7196414610,59.9,0.1,0,Revenue
2021-12-09T09:31:51.176Z,StealthBiz Connect,599,2022-12-31T01:24:51.319Z,Opportunity,8432672,2022-09-27T00:24:52.716Z,7200663187,59.9,0.1,0,Revenue
2021-12-09T11:38:20.308Z,Quantum Analytics Solutions,599,2022-12-31T01:24:51.319Z,Opportunity,8432672,2022-09-27T00:24:52.691Z,7201334534,59.9,0.1,0,Revenue
2021-12-12T11:38:51.224Z,Mystery Masters,599,2022-12-31T01:24:51.319Z,Opportunity,8432672,2022-09-27T00:24:52.716Z,7225611860,59.9,0.1,0,Revenue
2021-12-14T22:32:25.919Z,Confidential Metrics Enterprise Deal,599,2022-12-31T01:24:51.319Z,Opportunity,8432672,2022-09-27T00:24:52.691Z,7250789412,59.9,0.1,0,Revenue
2021-12-21T05:03:12.453Z,Opavo Ventures Deal,599,2022-12-31T01:24:51.319Z,Opportunity,8432672,2022-09-27T00:24:52.691Z,7299713865,59.9,0.1,0,Revenue
2021-12-23T14:59:24.254Z,StealthValue Analytics Exchange,599,2022-12-31T01:24:51.319Z,Opportunity,8432672,2022-09-27T00:24:52.691Z,7325398442,59.9,0.1,0,Revenue
2021-12-24T03:28:16.965Z,StealthValue Solutions,599,2022-12-31T01:24:51.319Z,Opportunity,8432672,2022-09-27T00:24:52.716Z,7329328730,59.9,0.1,0,Revenue
2021-12-24T09:51:12.242Z,Stealth Impact Metrics Solutions,599,2022-12-31T01:24:51.319Z,Opportunity,8432672,2022-09-27T00:24:52.716Z,7330829321,59.9,0.1,0,Revenue
2021-12-24T11:28:47.452Z,CU Anonymous Agreement,3000,2022-12-31T01:24:51.319Z,Opportunity,8432672,2022-11-17T02:14:33.633Z,7330964307,300,0.1,0,Revenue
2021-12-25T03:25:16.990Z,ValueMax - Stealth Metrics Exchange,599,2022-12-31T01:24:51.319Z,Opportunity,8432672,2022-09-27T00:24:52.691Z,7335011878,59.9,0.1,0,Revenue
2021-12-25T03:28:51.875Z,Mystery Innovations Partnership,599,2022-12-31T01:24:51.319Z,Opportunity,8432672,2022-09-27T00:24:52.691Z,7335075450,59.9,0.1,0,Revenue
2021-12-25T04:27:38.131Z,GammaDeal.yt - Anonymetrics Value Bargain,599,2022-12-31T01:24:51.319Z,Opportunity,8432672,2022-09-27T00:24:52.691Z,7335140369,59.9,0.1,0,Revenue
2021-12-27T18:39:13.429Z,MVP Solutions,599,2022-12-31T01:24:51.319Z,Opportunity,8432672,2022-09-27T00:24:52.716Z,7348376954,59.9,0.1,0,Revenue
2022-01-01T17:51:58.405Z,Valuanymous Deal,599,2022-12-31T01:24:51.319Z,Opportunity,8432672,2022-09-27T00:24:52.691Z,7389858626,59.9,0.1,0,Revenue
2022-01-03T10:53:46.314Z,ValorSafe Enterprise Solutions.,599,2022-12-31T01:24:51.319Z,Opportunity,8432672,2022-09-27T00:24:52.691Z,7400175365,59.9,0.1,0,Revenue
2022-01-04T20:55:09.368Z,ValueDeal,599,2022-12-31T01:24:51.319Z,Opportunity,8432672,2022-09-27T00:24:52.716Z,7415046237,59.9,0.1,0,Revenue
2022-01-07T09:10:56.856Z,Mystic Trade,599,2022-12-31T01:24:51.319Z,Opportunity,8432672,2022-09-27T00:24:52.716Z,7440188688,59.9,0.1,0,Revenue
2022-01-07T13:25:56.300Z,ValuNet - Enterprise Analytics Platform,599,2022-12-31T01:24:51.319Z,Opportunity,8432672,2022-09-27T00:24:52.691Z,7441208473,59.9,0.1,0,Revenue
2022-01-08T10:17:40.177Z,Confidential Ventures Inc.,599,2022-12-31T01:24:51.319Z,Opportunity,8432672,2022-09-27T00:24:52.691Z,7450680383,59.9,0.1,0,Revenue
2022-01-11T18:56:35.483Z,AnoBiz Inc - Alpha Value Solutions,599,2022-12-31T01:24:51.319Z,Opportunity,8432672,2022-09-27T00:24:52.716Z,7478679059,59.9,0.1,0,Revenue
2022-01-12T08:11:02.676Z,Project NeoGenesis,599,2022-12-31T01:24:51.319Z,Opportunity,8432672,2022-09-27T00:24:52.691Z,7486687545,59.9,0.1,0,Revenue
2022-01-12T22:03:31.638Z,Stealthalytics,599,2022-12-31T01:24:51.319Z,Opportunity,8432672,2022-09-27T00:24:52.691Z,7496822158,59.9,0.1,0,Revenue
2022-01-12T23:52:46.423Z,ValueDeal,599,2022-12-31T01:24:51.319Z,Opportunity,8432672,2022-09-27T00:24:52.716Z,7498189973,59.9,0.1,0,Revenue
2022-01-13T12:57:26.467Z,Confidential Business Insights Showcase,599,2022-12-31T01:24:51.319Z,Opportunity,8432672,2022-09-27T00:24:52.716Z,7508819255,59.9,0.1,0,Revenue
2022-01-14T20:50:54.110Z,M3-NE Store,599,2022-12-31T01:24:51.319Z,Opportunity,8432672,2022-09-27T00:24:52.716Z,7535501215,59.9,0.1,0,Revenue
2022-01-15T00:40:47.071Z,Operation Anonymizer,599,2022-12-31T01:24:51.319Z,Opportunity,8432672,2022-09-27T00:24:52.716Z,7537622175,59.9,0.1,0,Revenue
2022-01-15T12:49:16.643Z,Stealthstock,599,2022-12-31T01:24:51.319Z,Opportunity,8432672,2022-09-27T00:24:52.716Z,7547360073,59.9,0.1,0,Revenue
2022-01-15T18:57:26.963Z,ValuGraph,599,2022-12-31T01:24:51.319Z,Opportunity,8432672,2022-09-27T00:24:52.691Z,7551277662,59.9,0.1,0,Revenue
2022-01-15T21:09:59.011Z,Project ValueChain,599,2022-12-31T01:24:51.319Z,Opportunity,8432672,2022-09-27T00:24:52.716Z,7552441740,59.9,0.1,0,Revenue
2022-01-19T04:07:16.155Z,Confidential TransactionsMart,599,2022-12-31T01:24:51.319Z,Opportunity,8432672,2022-09-27T00:24:52.691Z,7620571705,59.9,0.1,0,Revenue
2022-01-20T07:10:33.782Z,valunomics.com - Valuation Analytics Hub,599,2022-12-31T01:24:51.319Z,Opportunity,8432672,2022-09-27T00:24:52.716Z,7637829680,59.9,0.1,0,Revenue
2022-01-20T15:13:40.884Z,Stealth-Metrics,599,2022-12-31T01:24:51.319Z,Opportunity,8432672,2022-09-27T00:24:52.691Z,7642093697,59.9,0.1,0,Revenue
2022-01-21T03:18:41.764Z,Mysterix Enterprise Solutions,599,2022-12-31T01:24:51.319Z,Opportunity,8432672,2022-09-27T00:24:52.716Z,7649980767,59.9,0.1,0,Revenue
2022-01-25T10:19:54.207Z,Project Supertramp,599,2022-12-31T01:24:51.319Z,Opportunity,8432672,2022-09-27T00:24:52.716Z,7691762594,59.9,0.1,0,Revenue
2022-01-25T15:06:15.207Z,PhoenixVenture,599,2023-03-28T13:24:39.188Z,Suspended,8432673,2023-03-28T13:24:40.104Z,7693642888,0,0,5,Revenue
2022-01-26T16:41:19.545Z,MysticDeal,599,2022-12-31T01:24:51.319Z,Opportunity,8432672,2022-09-27T00:24:52.691Z,7724732747,59.9,0.1,0,Revenue
2022-01-27T01:58:12.650Z,StealthBiz Metrics Hub,599,2022-12-31T01:24:51.319Z,Opportunity,8432672,2022-09-27T00:24:52.716Z,7737514408,59.9,0.1,0,Revenue
2022-01-28T11:47:53.798Z,StealthValue Solution,599,2022-12-31T01:24:51.319Z,Opportunity,8432672,2022-09-27T00:24:52.691Z,7750990232,59.9,0.1,0,Revenue
2022-01-28T16:13:41.443Z,Operation Guardian,599,2022-12-31T01:24:51.319Z,Opportunity,8432672,2022-09-27T00:24:52.691Z,7752246317,59.9,0.1,0,Revenue
2022-01-28T19:38:14.540Z,VitalProtect Healthcare Solutions,599,2022-12-31T01:24:51.319Z,Opportunity,8432672,2022-09-27T00:24:52.691Z,7753961273,59.9,0.1,0,Revenue
2022-01-28T19:46:27.821Z,VitalProtect Healthcare Solutions,599,2022-12-31T01:24:51.319Z,Opportunity,8432672,2022-09-27T00:24:52.716Z,7754641814,59.9,0.1,0,Revenue
2022-01-28T23:46:13.943Z,Anonymous Deals: SecretTrader Proximity Exchange,599,2022-12-31T01:24:51.319Z,Opportunity,8432672,2022-09-27T00:24:52.691Z,7756299633,59.9,0.1,0,Revenue
2022-01-29T04:08:14.895Z,Value: Mysterious Insights Solutions,599,2022-12-31T01:24:51.319Z,Opportunity,8432672,2023-08-10T15:00:26.617Z,7757067831,59.9,0.1,0,Revenue
2022-01-31T02:16:54.047Z,StealthVendor Bargain Hub,599,2022-12-31T01:24:51.319Z,Opportunity,8432672,2022-09-27T00:24:52.691Z,7770349688,59.9,0.1,0,Revenue
2022-01-31T11:39:17.875Z,Quantiz-Value Analytics,599,2022-12-31T01:24:51.319Z,Opportunity,8432672,2023-06-23T10:30:06.450Z,7773738291,59.9,0.1,0,Revenue
2022-02-02T10:36:18.865Z,OctoValue Deal,599,2022-06-16T08:24:52.228Z,Close Lost,8432678,2022-09-26T20:45:30.248Z,7794691225,0,0,6,Revenue
2022-02-02T11:24:46.805Z,StealthyMetrics,599,2022-12-31T01:24:51.319Z,Opportunity,8432672,2022-09-27T00:24:52.716Z,7794926698,59.9,0.1,0,Revenue
2022-02-02T13:38:22.824Z,Anonymous Finance Initiative,599,2022-09-27T12:17:33.201Z,Close Lost,8432678,2022-09-27T12:17:31.309Z,7795442251,0,0,6,Revenue
2022-02-02T21:42:44.035Z,Confidential Connect Offer,599,2022-12-31T01:24:51.319Z,Opportunity,8432672,2022-09-27T00:24:52.691Z,7800923294,59.9,0.1,0,Revenue
2022-02-03T06:36:14.687Z,WheelValue,599,2022-12-31T01:24:51.319Z,Opportunity,8432672,2023-01-13T10:35:39.775Z,7803544462,59.9,0.1,0,Revenue
2022-02-03T14:27:42.680Z,StealthyGain - Opal Company Analytics Vault,599,2022-12-31T01:24:51.319Z,Opportunity,8432672,2022-09-27T00:24:52.691Z,7806442244,59.9,0.1,0,Revenue
2022-02-03T19:04:00.267Z,Project Stealth Metrics,599,2022-12-31T01:24:51.319Z,Opportunity,8432672,2022-09-27T00:24:52.691Z,7809404991,59.9,0.1,0,Revenue
2022-02-04T09:22:57.015Z,Growth Catalyst,599,,Suspended,8432673,2022-10-26T09:13:04.491Z,7816284707,0,0,5,Revenue
2022-02-04T10:19:01.630Z,Stealth Value Exchange,599,2022-12-31T01:24:51.319Z,Opportunity,8432672,2022-09-27T00:24:52.716Z,7816394265,59.9,0.1,0,Revenue
2022-02-06T14:40:08.175Z,Stealth Data Exchange,599,2022-12-31T01:24:51.319Z,Opportunity,8432672,2022-09-27T00:24:52.691Z,7836899675,59.9,0.1,0,Revenue
2022-02-07T19:30:50.634Z,Project Xcelerate,599,2022-12-31T01:24:51.319Z,Opportunity,8432672,2022-09-27T00:24:52.691Z,7846441903,59.9,0.1,0,Revenue
2022-02-09T10:00:34.989Z,Stealth Metrics Junction,599,2022-12-31T01:24:51.319Z,Opportunity,8432672,2022-09-27T00:24:52.716Z,7863042865,59.9,0.1,0,Revenue
2022-02-10T03:57:52.449Z,Secure MetricsVault,599,2022-12-31T01:24:51.319Z,Opportunity,8432672,2022-09-27T00:24:52.716Z,7870997145,59.9,0.1,0,Revenue
2022-02-10T07:36:31.702Z,Stealth Metrics Solution,599,2022-12-31T01:24:51.319Z,Opportunity,8432672,2022-09-27T00:24:52.716Z,7871638597,59.9,0.1,0,Revenue
2022-02-10T11:11:41.752Z,Whisper Ventures,599,2022-12-31T01:24:51.319Z,Opportunity,8432672,2022-09-27T00:24:52.691Z,7872652667,59.9,0.1,0,Revenue
2022-02-10T11:04:20.142Z,Stealth Deals Emporium,599,2022-12-31T01:24:51.319Z,Opportunity,8432672,2022-09-27T00:24:52.716Z,7873220648,59.9,0.1,0,Revenue
2022-02-10T11:24:24.717Z,Shadow - Cryptonix Value Exchange,599,2022-12-31T01:24:51.319Z,Opportunity,8432672,2022-09-27T00:24:52.691Z,7873235049,59.9,0.1,0,Revenue
2022-02-10T13:22:00.010Z,Opal - Jetson Matrix Exchange,599,2022-12-31T01:24:51.319Z,Opportunity,8432672,2022-09-27T00:24:52.716Z,7874182438,59.9,0.1,0,Revenue
2022-02-10T14:10:06.192Z,Valex Solution Suite,599,2022-12-31T01:24:51.319Z,Opportunity,8432672,2022-09-27T00:24:52.691Z,7874370066,59.9,0.1,0,Revenue
2022-02-11T08:59:51.028Z,Stealth Analytics Solution,599,2022-12-31T01:24:51.319Z,Opportunity,8432672,2022-09-27T00:24:52.716Z,7884137776,59.9,0.1,0,Revenue
2022-02-11T10:14:08.766Z,anondeal927,599,2022-12-31T01:24:51.319Z,Opportunity,8432672,2022-09-27T00:24:52.716Z,7884410505,59.9,0.1,0,Revenue
2022-02-11T11:09:42.377Z,ValueQuan - EnMET Store,599,2022-12-31T01:24:51.319Z,Opportunity,8432672,2022-09-27T00:24:52.691Z,7884584373,59.9,0.1,0,Revenue
2022-02-11T14:47:26.983Z,Secret Success Metrics Bundle,599,2022-04-29T08:45:32.354Z,Close Lost,8432678,2022-09-26T20:45:30.352Z,7885877427,0,0,6,Revenue
2022-02-11T17:22:53.499Z,Stealth Data Depot,599,2022-12-31T01:24:51.319Z,Opportunity,8432672,2022-12-15T20:43:01.358Z,7887092078,59.9,0.1,0,Revenue
2022-02-14T19:00:13.486Z,Operation Majestic Summit,5000,2022-12-31T01:24:51.319Z,Opportunity,8432672,2022-11-17T01:48:31.933Z,7908957748,500,0.1,0,Revenue
2022-02-14T20:19:36.806Z,versync.com - Value Exchange Network,599,2022-12-31T01:24:51.319Z,Opportunity,8432672,2022-09-27T00:24:52.716Z,7909203076,59.9,0.1,0,Revenue
2022-02-15T09:45:22.185Z,mystery-deals.com,599,2022-12-31T01:24:51.319Z,Opportunity,8432672,2022-09-27T00:24:52.716Z,7913481026,59.9,0.1,0,Revenue
2022-02-15T14:05:18.289Z,ValorXchange.io,599,2022-12-31T01:24:51.319Z,Suspended,8432673,2023-05-23T15:14:13.643Z,7915065737,0,0,5,Revenue
2022-02-15T23:15:04.395Z,Blurpex,599,2022-12-31T01:24:51.319Z,Opportunity,8432672,2022-09-27T00:24:52.716Z,7919603605,59.9,0.1,0,Revenue
2022-02-16T08:29:13.820Z,Discreet Value Solutions,599,2022-12-31T01:24:51.319Z,Opportunity,8432672,2022-09-27T00:24:52.716Z,7921886862,59.9,0.1,0,Revenue
2022-02-16T08:42:20.488Z,Naas Digital Metrics Sale,599,2022-12-31T01:24:51.319Z,Opportunity,8432672,2022-09-27T00:24:52.691Z,7921957905,59.9,0.1,0,Revenue
2022-02-16T10:43:44.527Z,Confidential Venture Optimization Alliance,599,2022-12-31T01:24:51.319Z,Opportunity,8432672,2022-09-27T00:24:52.691Z,7922285157,59.9,0.1,0,Revenue
2022-02-16T21:52:14.031Z,Mysterious Solutions - Secret Systems Emporium,599,2022-12-31T01:24:51.319Z,Opportunity,8432672,2022-09-27T00:24:52.716Z,7926574493,59.9,0.1,0,Revenue
2022-02-17T15:57:07.463Z,re-image-international.com - Naas Business Insights Corner,599,2022-12-31T01:24:51.319Z,Opportunity,8432672,2022-09-27T00:24:52.716Z,7934518637,59.9,0.1,0,Revenue
2022-02-18T05:27:51.995Z,Project Guardian Shield,599,2022-12-31T01:24:51.319Z,Opportunity,8432672,2022-09-27T00:24:52.691Z,7939019579,59.9,0.1,0,Revenue
2022-02-18T11:32:32.332Z,Value Deal,599,2022-12-31T01:24:51.319Z,Opportunity,8432672,2022-09-27T00:24:52.691Z,7941263994,59.9,0.1,0,Revenue
2022-02-18T14:11:17.465Z,Stealth Analytics Advantage,599,2022-12-31T01:24:51.319Z,Opportunity,8432672,2022-09-27T00:24:52.691Z,7941993043,59.9,0.1,0,Revenue
2022-02-20T00:17:54.647Z,ANONYMIZER-XFP&A,599,2023-05-08T19:41:32.920Z,Revenue,9322543,2023-08-01T07:55:00.101Z,7962989201,599,1,4,Revenue
2022-02-20T00:16:08.721Z,AlphaConnect,34.45,2023-04-03T11:43:56.496Z,Churn,34386693,2023-04-03T11:43:57.393Z,7963205411,0,0,7,Revenue
2022-02-20T00:29:14.064Z,MIRAZ - Project Boost,529.06,2022-09-26T21:45:47.900Z,Churn,34386693,2022-09-26T21:45:48.585Z,7963233456,0,0,7,Revenue
2022-02-20T00:40:25.095Z,Project Phoenix - Data Solution,15.9,2023-04-03T11:43:44.116Z,Churn,34386693,2023-04-03T11:43:44.845Z,7963400770,0,0,7,Revenue
2022-02-20T00:51:41.832Z,Deal X,15.9,2023-04-03T11:43:34.282Z,Churn,34386693,2023-04-03T11:43:40.232Z,7963567450,0,0,7,Revenue
2022-02-20T00:33:33.541Z,Operation SHADOW FUEL,15.9,2023-04-03T11:44:02.204Z,Churn,34386693,2023-04-03T11:44:02.808Z,7963624262,0,0,7,Revenue
2022-02-20T00:44:15.963Z,Project Mercury,49,2021-11-27T00:46:21.588Z,Closing,8432675,2023-04-25T10:36:31.977Z,7963735904,0,0,5,Revenue
2022-02-20T00:55:00.230Z,Shadow - Creative Producers,50,2022-09-19T13:32:35.900Z,Close Lost,8432678,2022-10-24T06:02:58.501Z,7963778315,0,0,6,Revenue
2022-02-20T01:28:54.545Z,Classique - Creative Collaborators,34.45,2023-04-03T11:43:48.377Z,Churn,34386693,2023-04-03T11:43:49.221Z,7963924661,0,0,7,Revenue
2022-02-21T03:03:28.487Z,Anonama - Cryptic Value Exchange,599,2022-12-31T01:24:51.319Z,Opportunity,8432672,2022-09-27T00:24:52.716Z,7981703756,59.9,0.1,0,Revenue
2022-02-21T12:00:30.272Z,Project Shield,15.91,2022-07-06T16:35:05.027Z,Close Lost,8432678,2023-07-10T07:14:54.017Z,7984459388,0,0,6,Revenue
2022-02-21T18:42:18.014Z,Stealth Connect,5000,2022-12-31T01:24:51.319Z,Opportunity,8432672,2022-11-17T01:40:25.767Z,7986763379,500,0.1,0,Revenue
2022-02-22T09:42:01.805Z,Project Xcelerate,599,2022-12-31T01:24:51.319Z,Opportunity,8432672,2022-09-27T00:24:52.716Z,7990693043,59.9,0.1,0,Revenue
2022-02-23T10:40:27.098Z,Project Oppenheimer,34.45,2023-04-03T11:43:53.144Z,Churn,34386693,2023-04-03T11:43:53.587Z,8001142671,0,0,7,Revenue
2022-03-01T22:21:41.377Z,Project Stealth,599,2022-04-27T13:12:29.676Z,Close Lost,8432678,2022-09-26T20:53:49.079Z,8096342276,0,0,6,Revenue
2022-03-04T21:30:13.085Z,Mystery Bargain,,2022-05-18T18:01:59.712Z,Close Lost,8432678,2022-09-26T20:53:49.079Z,8127602720,0,0,6,Revenue
2022-03-04T21:47:49.010Z,Mysterious Galaxy,,2022-07-08T10:09:34.544Z,Close Lost,8432678,2022-09-26T20:53:49.079Z,8127667822,0,0,6,Revenue
2022-03-04T21:56:05.981Z,Dealmaker Plus,599,2022-03-31T20:56:05.981Z,Suspended,8432673,2022-10-26T09:13:04.129Z,8127771296,0,0,5,Revenue
2022-03-07T18:44:24.113Z,Opus Enterprise,599,2023-05-05T17:00:15.885Z,Revenue,9322543,2023-05-15T16:07:20.584Z,8151690555,599,1,4,Revenue
2022-01-14T20:30:15.421Z,Stealthy Analytics Bundle,599,2022-12-31T13:19:48.912Z,Suspended,8432673,2022-10-26T09:13:04.491Z,8246776689,0,0,5,Revenue
2022-03-24T15:04:57.670Z,Mystery Elite,39,2023-04-27T01:26:33.246Z,Revenue,9322543,2023-05-25T13:12:26.426Z,8344507676,39,1,4,Revenue
2022-03-29T13:10:26.516Z,StealthDrive,599,2022-09-20T14:54:18.896Z,Close Lost,8432678,2023-03-28T08:56:32.950Z,8385493287,0,0,6,Revenue
2022-04-12T16:16:45.216Z,MysteryShield: Confidentiality package,599,2022-07-18T11:25:36.550Z,Close Lost,8432678,2022-09-26T20:45:30.352Z,8594899609,0,0,6,Revenue
2022-04-18T10:38:12.178Z,Project Vortex,50,2023-04-03T11:39:06.478Z,Suspended,8432673,2023-04-03T11:39:07.242Z,8644619648,0,0,5,Revenue
2022-04-27T15:42:40.828Z,Quantum Advantage,599,2022-10-31T13:19:24.132Z,Suspended,8432673,2022-10-26T09:13:04.129Z,8736177796,0,0,5,Revenue
2022-04-27T16:16:00.931Z,Deal Value: NaaSynergy,599,2022-11-30T13:19:12.612Z,Suspended,8432673,2023-01-17T07:01:24.691Z,8736222808,0,0,5,Revenue
2022-04-29T08:53:18.297Z,StealthTrack: Performance Insight Suite,599,2022-07-08T10:07:34.011Z,Close Lost,8432678,2022-09-26T20:45:30.352Z,8756522842,0,0,6,Revenue
2022-02-05T22:45:08.489Z,Project Phoenix - Back-end Platform,599,2022-05-31T08:02:46.590Z,Suspended,8432673,2022-10-26T09:13:04.491Z,8756876901,0,0,5,Revenue
2022-05-03T04:16:42.009Z,Opal Enterprises,599,2022-07-25T14:30:48.277Z,Close Lost,8432678,2022-09-26T20:53:49.079Z,8793260407,0,0,6,Revenue
2022-05-13T16:44:02.130Z,StealthBoost,599,2022-09-20T15:33:52.411Z,Close Lost,8432678,2022-09-26T20:45:30.352Z,8904413049,0,0,6,Revenue
2022-05-14T15:36:11.478Z,NoteBazaar,50,2022-12-31T01:24:51.319Z,Opportunity,8432672,2022-10-11T01:20:59.602Z,8911518103,5,0.1,0,Revenue
2022-05-18T17:47:17.454Z,Stealth Growth,49,2022-07-06T16:34:24.074Z,Revenue,9322543,2023-05-01T14:56:42.001Z,8946594129,49,1,4,Revenue
2022-05-19T03:42:03.711Z,StealthConnect,599,2022-10-31T13:26:01.146Z,Suspended,8432673,2022-10-26T09:13:08.304Z,8951010377,0,0,5,Revenue
2022-05-20T16:12:43.693Z,Mystery - Solution Insights (IntelliVision Dashboard),599,2022-08-04T13:31:29.555Z,Close Lost,8432678,2022-09-26T20:45:30.352Z,8966090391,0,0,6,Revenue
2022-05-26T12:24:51.862Z,FruitConnect,39,2023-03-28T13:24:17.588Z,Suspended,8432673,2023-03-28T13:24:18.292Z,9015598513,0,0,5,Revenue
2022-05-26T15:30:07.252Z,Project Spectrum,40,2022-12-31T01:24:51.319Z,Opportunity,8432672,2022-09-27T00:24:52.716Z,9017170838,4,0.1,0,Revenue
2022-05-27T10:42:17.696Z,Shadow Boost,599,2022-07-08T10:06:12.433Z,Close Lost,8432678,2022-10-17T08:08:31.181Z,9024687198,0,0,6,Revenue
2022-06-03T15:55:46.035Z,Mystique - Naas Powerhouse (Monthly),49,2022-07-16T08:20:50.029Z,Revenue,9322543,2023-05-01T14:57:00.738Z,9091850529,49,1,4,Revenue
2022-06-07T07:48:14.928Z,Project MarsMoon,39,2022-12-31T01:24:51.319Z,Opportunity,8432672,2022-09-27T00:24:52.691Z,9119942840,3.9,0.1,0,Revenue
2022-06-08T11:12:32.800Z,Project Phoenix - Value Xpress,5000,2023-03-31T09:15:35.438Z,Opportunity,8432672,2022-11-17T01:26:25.467Z,9131172355,500,0.1,0,Revenue
2022-06-20T07:57:48.969Z,AnonDataHub,1200,2022-09-19T13:36:04.517Z,Close Lost,8432678,2022-09-19T13:36:05.179Z,9250425243,0,0,6,Revenue
2022-06-23T12:56:09.695Z,Project Mercury,599,2022-12-31T01:24:51.319Z,Opportunity,8432672,2022-11-17T01:38:06.761Z,9283063189,59.9,0.1,0,Revenue
2022-06-27T17:22:44.615Z,Discreet Dollar,,2022-06-30T17:12:20.608Z,Suspended,8432673,2022-10-26T09:13:04.491Z,9319831923,0,0,5,Revenue
2022-06-29T10:07:58.365Z,StealthSpires.ai - Alpha Boost,599,2022-10-03T09:32:17.243Z,Close Lost,8432678,2023-01-03T07:00:39.067Z,9341233536,0,0,6,Revenue
2022-06-30T16:41:27.528Z,Project Nimbus,5,2023-03-28T13:24:34.864Z,Suspended,8432673,2023-03-28T13:24:35.543Z,9354992940,0,0,5,Revenue
2022-06-30T16:50:48.483Z,AnonDataX.ai,,2022-07-20T12:49:58.661Z,Close Lost,8432678,2022-07-20T12:49:56.472Z,9355007022,0,0,6,Revenue
2022-07-04T08:54:58.695Z,Project Apollo,599,2022-12-31T01:24:51.319Z,Opportunity,8432672,2022-09-27T00:24:52.716Z,9385909651,59.9,0.1,0,Revenue
2022-07-06T16:36:48.863Z,Enigma Hackathon,1000,2022-09-19T13:36:12.852Z,Close Lost,8432678,2022-09-19T13:36:13.826Z,9415535681,0,0,6,Revenue
2022-07-08T12:04:25.290Z,Operation Stealth Exchange,100,2022-09-19T13:36:24.272Z,Close Lost,8432678,2022-09-19T13:36:25.278Z,9433399695,0,0,6,Revenue
2022-07-11T16:48:13.373Z,Project Odin,4400,2023-04-03T11:43:22.045Z,Suspended,8432673,2023-04-03T11:43:22.806Z,9460391312,0,0,5,Revenue
2022-07-21T09:38:43.196Z,Deal Gamma,599,2022-09-20T14:54:54.295Z,Close Lost,8432678,2022-09-20T14:54:54.705Z,9551277079,0,0,6,Revenue
2022-07-25T08:54:26.961Z,StealthStream JobConnect,50,2022-11-30T13:18:42.144Z,Opportunity,8432672,2022-10-26T15:01:14.115Z,9588817194,5,0.1,0,Revenue
2022-07-25T09:39:05.719Z,MysticValue - EngineerXpress,5000,2022-12-31T01:24:51.319Z,Opportunity,8432672,2022-11-17T01:31:37.326Z,9588993458,500,0.1,0,Revenue
2022-07-28T13:13:09.025Z,Mystery Bargain,4500,2023-04-03T11:43:18.096Z,Suspended,8432673,2023-07-06T08:05:44.860Z,9622277707,0,0,5,Revenue
2022-08-01T15:32:58.710Z,Operation Stealth Insights,599,2022-10-31T13:18:26.625Z,Suspended,8432673,2022-10-26T09:13:02.508Z,9665605551,0,0,5,Revenue
2022-08-02T22:39:53.589Z,Nigerian Time Sentinel,599,2022-12-31T01:24:51.319Z,Opportunity,8432672,2022-09-27T00:24:52.716Z,9681976208,59.9,0.1,0,Revenue
2022-08-16T14:05:43.407Z,StealthPad Basic,7000,2022-09-20T14:11:01.587Z,Close Lost,8432678,2022-09-20T14:11:02.982Z,9834007057,0,0,6,Revenue
2022-09-12T14:01:58.530Z,ANONYZEN - Premium Plus,50,2022-09-20T14:35:49.522Z,Close Lost,8432678,2022-10-07T16:55:44.975Z,10160022572,0,0,6,Revenue
2022-09-19T16:08:50.065Z,Project Vanguard,,2022-10-30T12:18:06.606Z,Suspended,8432673,2022-10-26T09:13:04.129Z,10238964089,0,0,5,Revenue
2022-09-19T17:10:21.517Z,Project Sunrise - Financial Efficiency Transformation,599,2023-04-03T11:39:15.395Z,Suspended,8432673,2023-04-03T11:39:16.318Z,10239260548,0,0,5,Revenue
2022-09-26T15:35:39.992Z,Stealth Connect,50,2022-10-11T01:01:41.232Z,Close Lost,8432678,2023-01-11T07:00:57.976Z,10317875279,0,0,6,Revenue
2022-09-26T16:31:00.537Z,Project Diamond,600,2022-12-31T01:24:51.319Z,Opportunity,8432672,2022-12-05T07:06:05.987Z,10318734699,60,0.1,0,Revenue
2022-09-27T06:54:33.532Z,Stealth Analytics Solution,50,2022-12-31T07:54:54.652Z,Suspended,8432673,2022-10-26T09:13:04.491Z,10323734116,0,0,5,Revenue
2022-09-27T12:42:05.021Z,SecretProspect,599,2022-11-30T13:41:56.641Z,Suspended,8432673,2022-10-26T09:13:04.491Z,10327740212,0,0,5,Revenue
2022-09-27T12:37:52.895Z,Stealth Enhancement Package,599,2022-10-31T13:37:32.925Z,Opportunity,8432672,2022-11-17T01:41:35.467Z,10327750189,59.9,0.1,0,Revenue
2022-09-27T12:46:28.168Z,MystiTech - Cyber Nexus,,2022-09-30T12:46:03.462Z,Suspended,8432673,2022-10-26T09:13:10.697Z,10327751347,0,0,5,Revenue
2022-09-27T12:46:52.071Z,Stealth Catalyst Deal,,2022-09-30T12:46:40.927Z,Suspended,8432673,2022-10-26T09:13:03.644Z,10327751454,0,0,5,Revenue
2022-09-27T12:47:34.710Z,Project Nimbus,,2022-09-30T12:47:25.544Z,Suspended,8432673,2022-10-26T09:13:10.698Z,10327751528,0,0,5,Revenue
2022-09-27T12:47:14.995Z,Project Phoenix - TurboBoost Marketing Machine,,2022-09-30T12:47:00.945Z,Suspended,8432673,2022-10-26T09:13:04.491Z,10327864065,0,0,5,Revenue
2022-09-27T13:04:29.764Z,Zenlink - Professional Connect,599,2022-09-30T13:04:03.390Z,Suspended,8432673,2022-10-26T09:13:02.509Z,10327889770,0,0,5,Revenue
2022-10-03T21:09:15.699Z,Mystery Meadow - Big Data Oasis,5000,2022-12-31T22:08:10.251Z,Opportunity,8432672,2022-11-17T01:31:59.663Z,10430661468,500,0.1,0,Revenue
2022-10-04T12:59:40.352Z,Secret-Seeker - M&A opportunity hunt,50,2022-12-13T21:52:14.874Z,Suspended,8432673,2022-12-13T21:53:55.512Z,10443460223,0,0,5,Revenue
2022-10-05T09:32:46.807Z,Project Bankshield,50,2022-10-31T10:15:44.631Z,Opportunity,8432672,2022-10-11T00:09:43.224Z,10455958384,5,0.1,0,Revenue
2022-10-07T16:48:24.885Z,Project Freedom,0,2022-10-31T16:51:25.763Z,Suspended,8432673,2022-11-07T13:57:45.179Z,10488440386,0,0,5,Revenue
2022-10-10T23:31:24.361Z,Project Mercury,,2022-10-31T21:28:21.708Z,Opportunity,8432672,2022-10-13T12:03:24.251Z,10519510138,0,0.1,0,Revenue
2022-10-11T09:05:01.683Z,Opportunity Connect - PowerBoost Pro,50,2022-10-31T08:30:52.218Z,Suspended,8432673,2022-10-26T09:13:04.128Z,10525223496,0,0,5,Revenue
2022-10-11T21:31:07.833Z,StealthStream - Operational Optimization,50,2022-10-31T08:30:52.218Z,Opportunity,8432672,2022-10-11T21:31:15.061Z,10531768490,5,0.1,0,Revenue
2022-10-12T11:26:06.491Z,StealthMap,50,2022-10-31T11:52:41.789Z,Opportunity,8432672,2023-02-03T20:00:17.144Z,10537909381,5,0.1,0,Revenue
2022-10-15T12:58:02.823Z,Stealth Connect,,2022-10-31T13:57:40.860Z,Opportunity,8432672,2022-11-18T07:02:30.383Z,10574791187,0,0.1,0,Revenue
2022-10-15T13:57:33.084Z,Project Stealth Sales Partner,5000,2023-03-31T00:29:11.376Z,Opportunity,8432672,2022-11-24T12:20:33.387Z,10575017249,500,0.1,0,Revenue
2022-10-17T16:23:27.010Z,Anonymous Access,50,2022-10-31T17:20:00.709Z,Opportunity,8432672,2022-10-17T16:26:24.487Z,10592817525,5,0.1,0,Revenue
2022-10-24T14:52:43.024Z,Magical LinkedIn Lead Generation,599,2022-11-30T15:52:40.632Z,Opportunity,8432672,2022-11-02T23:10:59.191Z,10674762308,59.9,0.1,0,Revenue
2022-10-26T11:24:50.781Z,Cryptonite - Mega Bundle,50,2023-04-03T11:39:08.511Z,Suspended,8432673,2023-04-03T11:39:09.178Z,10694890678,0,0,5,Revenue
2022-10-27T12:30:31.648Z,go2business.fr - ValueMax,50,2022-11-30T13:30:45.386Z,Opportunity,8432672,2022-10-31T21:45:10.977Z,10706402483,5,0.1,0,Revenue
2022-11-16T20:08:15.766Z,CodeMask.io - Insights,5,2023-04-12T11:08:51.805Z,Suspended,8432673,2023-05-09T16:49:51.286Z,10969740312,0,0,5,Revenue
2022-11-16T21:14:37.271Z,Quantax-Alliance - Enterprise Package,599,2023-04-03T11:39:17.832Z,Suspended,8432673,2023-04-03T11:39:18.636Z,10970153356,0,0,5,Revenue
2022-11-28T23:46:39.681Z,ProjectPhoenix,5,2023-04-12T11:08:50.157Z,Suspended,8432673,2023-04-27T01:27:29.477Z,11132893538,0,0,5,Revenue
2023-01-14T17:48:00.681Z,StealthPlanners Deal,600,2023-05-08T19:42:59.726Z,Suspended,8432673,2023-05-08T19:43:00.389Z,11700636431,0,0,5,Revenue
2023-01-16T20:12:11.143Z,Mystery Bundle,1000,2023-04-03T11:39:22.352Z,Suspended,8432673,2023-04-03T11:39:23.058Z,11722312610,0,0,5,Revenue
2023-03-24T16:00:52.244Z,Confidential Wealth Strategy,50,2023-03-31T14:39:45.780Z,Opportunity,8432672,2023-03-28T09:01:43.742Z,12706128756,5,0.1,0,Revenue
2023-03-24T16:06:17.709Z,Project Phoenix,50,2023-03-31T14:39:45.780Z,Opportunity,8432672,2023-05-08T19:42:54.189Z,12706175161,5,0.1,0,Revenue
2023-03-28T12:54:27.285Z,Opulent Secret,,2023-03-31T12:54:12.555Z,Opportunity,8432672,2023-07-27T09:39:33.336Z,12749044082,0,0.1,0,Revenue
2023-03-29T09:31:20.596Z,Zenith Executive - Secure Solution (v2),5000,2023-05-31T09:31:02.141Z,Scoping,8432674,2023-06-07T09:16:42.630Z,12761267982,0,0,5,Revenue
2023-04-03T10:50:38.367Z,Opal - Master Plan (Selenium pending),49,2023-04-30T10:28:14.577Z,Closing,8432675,2023-08-01T12:52:05.920Z,12821927512,0,0,5,Revenue
2023-04-03T13:53:23.966Z,33eleven Solutions - Confidential Connect,50,2023-04-30T13:52:56.316Z,Scoping,8432674,2023-04-03T13:53:25.995Z,12822718346,10,0.2,1,Revenue
2023-04-04T13:36:19.293Z,Project Coral,599,2023-04-30T13:35:33.043Z,Scoping,8432674,2023-04-04T13:39:40.674Z,12833999917,0,0,5,Revenue
2023-04-10T15:24:33.722Z,Project Alpha,,2023-04-30T15:24:01.106Z,Opportunity,8432672,2023-04-10T15:24:35.044Z,12915541819,0,0.1,0,Revenue
2023-04-12T09:06:03.715Z,Mystic Venture,49,2023-04-24T12:54:29.627Z,Revenue,9322543,2023-07-27T09:39:33.284Z,12946596248,49,1,4,Revenue
2023-04-12T13:57:08.928Z,Galactic - Professional Influence Index,599,2023-06-30T13:56:40.578Z,Opportunity,8432672,2023-07-18T08:40:18.295Z,12950449275,59.9,0.1,0,Revenue
2023-04-13T20:23:06.880Z,Stealthy Strategy,50,2023-04-30T20:22:33.292Z,Proposal,38612136,2023-05-09T14:03:13.677Z,12974063774,0,0,5,Revenue
2023-04-17T15:37:34.834Z,Cobra - Fusion Junction,10000,2023-05-31T15:37:15.897Z,Scoping,8432674,2023-08-09T13:59:59.222Z,13029757232,2000,0.2,1,Revenue
2022-03-15T10:32:17.080Z,Stealth Scale Deal,3600,2023-05-01T17:59:28.081Z,Revenue,9322543,2023-05-08T18:29:26.066Z,13133566253,3600,1,4,Revenue
2023-05-05T08:13:41.860Z,Project Freedom,49,2023-05-31T15:07:16.493Z,Opportunity,8432672,2023-08-16T09:58:04.129Z,13239714873,4.9,0.1,0,Revenue
2023-05-05T14:37:25.575Z,DeluxeTrades.com,49,2023-05-10T11:21:29.479Z,Suspended,8432673,2023-05-19T12:01:31.099Z,13242398469,0,0,5,Revenue
2023-05-06T08:54:31.938Z,Project Power,599,2023-05-31T08:46:11.868Z,Opportunity,8432672,2023-07-17T09:44:24.399Z,13247804702,59.9,0.1,0,Revenue
2023-05-22T14:11:50.487Z,Project Phoenix,5000,2023-07-31T14:11:01.540Z,Scoping,8432674,2023-06-20T09:28:21.736Z,13412145719,0,0,5,Revenue
2023-05-26T15:31:50.678Z,StealthGains,49,2023-05-31T14:37:50.598Z,Opportunity,8432672,2023-05-26T15:31:52.207Z,13459955594,4.9,0.1,0,Revenue
2023-06-05T12:48:26.601Z,The Stealthy Bargain,49,2023-06-30T12:43:39.719Z,Scoping,8432674,2023-07-04T09:20:17.789Z,13585467251,9.8,0.2,1,Revenue
2023-06-26T14:50:14.250Z,Top-tier bargain,49,2023-06-28T17:28:18.758Z,Revenue,9322543,2023-08-01T13:08:52.358Z,13866213480,49,1,4,Revenue
2023-08-09T12:48:32.206Z,The Anonymous Alliance - Ignite Connections,599,2023-08-31T12:47:08.025Z,Opportunity,8432672,2023-08-14T06:01:20.003Z,14542713886,59.9,0.1,0,Revenue
,,,,,,,,5,0.1,0,